root - INFO - **********
root - INFO - parsed input parameters:
root - INFO - {
  "agg_to_water": true,
  "mode": "train",
  "epochs": 45,
  "batch": 5,
  "resume_from_epoch": 0,
  "input_channels": 11,
  "output_channels": 11,
  "hidden_channels": 16,
  "weight_param": 1.03,
  "lr": 0.0002,
  "decay": 0,
  "reduce_lr_on_plateau": 0,
  "lr_steps": [
    40
  ],
  "checkpoint_path": "C:\\Users\\karth\\Downloads\\Projects\\Mini_Project\\MDD2\\Marine_Debris_Detection\\semantic_segmentation\\unet\\trained_models",
  "eval_every": 1,
  "num_workers": 0,
  "pin_memory": true,
  "persistent_workers": false,
  "tensorboard": "tsboard_segm",
  "weighting_mechanism": "inverse",
  "paste_class": 0,
  "model_architecture": "unet++"
}
root - INFO - Class Weights: tensor([ 7.1354, 47.8071, 38.1230, 29.9872, 10.1568,  0.6173,  0.3467,  0.2695,
        79.5262,  0.4743,  2.9000], device='cuda:0')
root - INFO - Inverse Class Weights: tensor([0.0790, 0.1759, 0.1406, 0.2126, 0.0466, 0.0023, 0.0015, 0.0010, 0.3276,
        0.0018, 0.0111])
root - INFO - Using inverse class weighting mechanism.
root - INFO - Checkpoint directory: C:\Users\karth\Downloads\Projects\Mini_Project\MDD2\Marine_Debris_Detection\semantic_segmentation\unet\trained_models
root - INFO - Best marine debris model will be saved to: C:\Users\karth\Downloads\Projects\Mini_Project\MDD2\Marine_Debris_Detection\semantic_segmentation\unet\trained_models\best_model_marine_debris.pth
root - INFO - Best overall model will be saved to: C:\Users\karth\Downloads\Projects\Mini_Project\MDD2\Marine_Debris_Detection\semantic_segmentation\unet\trained_models\best_model_overall.pth
root - INFO - Training loss was: 3.3277796606777765
root - INFO - 

root - INFO - Test loss was: 3.12157553451098
root - INFO - STATISTICS AFTER EPOCH 1: 

root - INFO - Evaluation: {'macroPrec': 0.20956730080602026, 'microPrec': 0.3172471398672936, 'weightPrec': 0.6850538401712252, 'macroRec': 0.2573473499070293, 'microRec': 0.3172471398672936, 'weightRec': 0.3172471398672936, 'macroF1': 0.11290617107783843, 'microF1': 0.3172471398672936, 'weightF1': 0.4124713891881928, 'subsetAcc': 0.3172471398672936, 'IoU': 0.07402941202298327, 'classIoU': [0.012612090710501225, 0.13080947983995075, 0.000448681996634885, 0.0, 0.04680900985452839, 0.09682268180168974, 0.006101138096914232, 0.5005543764057402, 0.020166073546856466, 0.0, 0.0], 'confusionMatrix': [[1045, 12, 4, 5, 4, 0, 2, 0, 3, 0, 0], [37, 850, 276, 4, 0, 0, 0, 0, 0, 0, 0], [270, 96, 16, 2, 0, 0, 0, 0, 1, 0, 0], [87, 2, 0, 0, 2, 0, 0, 0, 1, 0, 0], [737, 70, 27, 10, 399, 28, 17, 29, 23, 0, 0], [8800, 185, 349, 5, 6486, 1868, 371, 218, 980, 0, 0], [21679, 1346, 146, 1, 327, 1, 156, 255, 359, 0, 0], [11144, 3548, 34296, 10860, 186, 0, 788, 63204, 1539, 0, 0], [84, 15, 6, 1, 166, 2, 12, 15, 68, 0, 0], [38420, 6, 40, 0, 8, 0, 29, 43, 20, 0, 0], [524, 51, 131, 0, 5, 0, 80, 143, 77, 0, 0]]}
root - INFO - New best marine debris model saved with IoU: 0.012612090710501225
root - INFO - New best overall model saved with IoU: 0.07402941202298327
root - INFO - Model for epoch 1 saved to C:\Users\karth\Downloads\Projects\Mini_Project\MDD2\Marine_Debris_Detection\semantic_segmentation\unet\trained_models\1
root - INFO - Class-Specific IoU: [0.012612090710501225, 0.13080947983995075, 0.000448681996634885, 0.0, 0.04680900985452839, 0.09682268180168974, 0.006101138096914232, 0.5005543764057402, 0.020166073546856466, 0.0, 0.0]
root - INFO - Confusion Matrix:
[[ 1045    12     4     5     4     0     2     0     3     0     0]
 [   37   850   276     4     0     0     0     0     0     0     0]
 [  270    96    16     2     0     0     0     0     1     0     0]
 [   87     2     0     0     2     0     0     0     1     0     0]
 [  737    70    27    10   399    28    17    29    23     0     0]
 [ 8800   185   349     5  6486  1868   371   218   980     0     0]
 [21679  1346   146     1   327     1   156   255   359     0     0]
 [11144  3548 34296 10860   186     0   788 63204  1539     0     0]
 [   84    15     6     1   166     2    12    15    68     0     0]
 [38420     6    40     0     8     0    29    43    20     0     0]
 [  524    51   131     0     5     0    80   143    77     0     0]]
root - INFO - Training loss was: 2.9032554684182563
root - INFO - 

root - INFO - Test loss was: 2.423276534117515
root - INFO - STATISTICS AFTER EPOCH 2: 

root - INFO - Evaluation: {'macroPrec': 0.2287150862256839, 'microPrec': 0.594630740208914, 'weightPrec': 0.6314105177529332, 'macroRec': 0.33313572292142213, 'microRec': 0.594630740208914, 'weightRec': 0.594630740208914, 'macroF1': 0.19612515301461395, 'microF1': 0.594630740208914, 'weightF1': 0.5919636459653587, 'subsetAcc': 0.594630740208914, 'IoU': 0.1520955950942472, 'classIoU': [0.022419288393573426, 0.03085345886205485, 0.004410838059231254, 0.0, 0.3225152129817444, 0.4572525420211662, 8.236553825879252e-05, 0.8216658477708231, 0.013851992409867172, 0.0, 0.0], 'confusionMatrix': [[1034, 8, 0, 7, 26, 0, 0, 0, 0, 0, 0], [71, 603, 493, 0, 0, 0, 0, 0, 0, 0, 0], [321, 57, 7, 0, 0, 0, 0, 0, 0, 0, 0], [92, 0, 0, 0, 0, 0, 0, 0, 0, 0, 0], [489, 0, 0, 33, 795, 9, 2, 2, 10, 0, 0], [5649, 216, 31, 80, 815, 8814, 0, 700, 2957, 0, 0], [19745, 3695, 238, 20, 74, 4, 2, 57, 435, 0, 0], [3555, 4191, 440, 699, 0, 0, 0, 115389, 1291, 0, 0], [81, 0, 0, 1, 195, 1, 10, 8, 73, 0, 0], [14065, 10210, 0, 0, 5, 0, 0, 14099, 187, 0, 0], [978, 0, 0, 0, 10, 0, 0, 2, 21, 0, 0]]}
root - INFO - New best marine debris model saved with IoU: 0.022419288393573426
root - INFO - New best overall model saved with IoU: 0.1520955950942472
root - INFO - Model for epoch 2 saved to C:\Users\karth\Downloads\Projects\Mini_Project\MDD2\Marine_Debris_Detection\semantic_segmentation\unet\trained_models\2
root - INFO - Class-Specific IoU: [0.022419288393573426, 0.03085345886205485, 0.004410838059231254, 0.0, 0.3225152129817444, 0.4572525420211662, 8.236553825879252e-05, 0.8216658477708231, 0.013851992409867172, 0.0, 0.0]
root - INFO - Confusion Matrix:
[[  1034      8      0      7     26      0      0      0      0      0
       0]
 [    71    603    493      0      0      0      0      0      0      0
       0]
 [   321     57      7      0      0      0      0      0      0      0
       0]
 [    92      0      0      0      0      0      0      0      0      0
       0]
 [   489      0      0     33    795      9      2      2     10      0
       0]
 [  5649    216     31     80    815   8814      0    700   2957      0
       0]
 [ 19745   3695    238     20     74      4      2     57    435      0
       0]
 [  3555   4191    440    699      0      0      0 115389   1291      0
       0]
 [    81      0      0      1    195      1     10      8     73      0
       0]
 [ 14065  10210      0      0      5      0      0  14099    187      0
       0]
 [   978      0      0      0     10      0      0      2     21      0
       0]]
root - INFO - Training loss was: 2.7028863745250735
root - INFO - 

root - INFO - Test loss was: 3.12979695436959
root - INFO - STATISTICS AFTER EPOCH 3: 

root - INFO - Evaluation: {'macroPrec': 0.24365800557155035, 'microPrec': 0.2472431042411615, 'weightPrec': 0.5194124775659642, 'macroRec': 0.29694484733853677, 'microRec': 0.2472431042411615, 'weightRec': 0.2472431042411615, 'macroF1': 0.13928556597462471, 'microF1': 0.2472431042411615, 'weightF1': 0.3081411986416328, 'subsetAcc': 0.2472431042411615, 'IoU': 0.09266498533387577, 'classIoU': [0.013085809563508605, 0.04108416547788873, 0.01399074805370642, 0.0001301913813305559, 0.15925626515763944, 0.5171238183790485, 0.01044364952099009, 0.2581629851013149, 0.0060372060372060376, 0.0, 0.0], 'confusionMatrix': [[879, 6, 0, 16, 1, 0, 2, 171, 0, 0, 0], [25, 144, 990, 8, 0, 0, 0, 0, 0, 0, 0], [201, 57, 124, 3, 0, 0, 0, 0, 0, 0, 0], [78, 0, 0, 1, 0, 0, 0, 13, 0, 0, 0], [613, 0, 0, 107, 591, 0, 0, 2, 27, 0, 0], [5179, 3, 48, 76, 2118, 10011, 49, 651, 1127, 0, 0], [19140, 2049, 491, 39, 206, 10, 254, 1646, 434, 0, 1], [36461, 223, 6949, 7337, 15, 87, 0, 40426, 34067, 0, 0], [75, 0, 0, 2, 30, 0, 0, 4, 258, 0, 0], [4009, 0, 0, 1, 1, 0, 0, 28539, 6016, 0, 0], [316, 0, 0, 0, 0, 0, 0, 0, 695, 0, 0]]}
root - INFO - Model for epoch 3 saved to C:\Users\karth\Downloads\Projects\Mini_Project\MDD2\Marine_Debris_Detection\semantic_segmentation\unet\trained_models\3
root - INFO - Class-Specific IoU: [0.013085809563508605, 0.04108416547788873, 0.01399074805370642, 0.0001301913813305559, 0.15925626515763944, 0.5171238183790485, 0.01044364952099009, 0.2581629851013149, 0.0060372060372060376, 0.0, 0.0]
root - INFO - Confusion Matrix:
[[  879     6     0    16     1     0     2   171     0     0     0]
 [   25   144   990     8     0     0     0     0     0     0     0]
 [  201    57   124     3     0     0     0     0     0     0     0]
 [   78     0     0     1     0     0     0    13     0     0     0]
 [  613     0     0   107   591     0     0     2    27     0     0]
 [ 5179     3    48    76  2118 10011    49   651  1127     0     0]
 [19140  2049   491    39   206    10   254  1646   434     0     1]
 [36461   223  6949  7337    15    87     0 40426 34067     0     0]
 [   75     0     0     2    30     0     0     4   258     0     0]
 [ 4009     0     0     1     1     0     0 28539  6016     0     0]
 [  316     0     0     0     0     0     0     0   695     0     0]]
root - INFO - Training loss was: 2.561702504948309
root - INFO - 

root - INFO - Test loss was: 2.76118704701885
root - INFO - STATISTICS AFTER EPOCH 4: 

root - INFO - Evaluation: {'macroPrec': 0.4280947876698452, 'microPrec': 0.3899822620153729, 'weightPrec': 0.7274683130922792, 'macroRec': 0.4540514879361403, 'microRec': 0.3899822620153729, 'weightRec': 0.3899822620153729, 'macroF1': 0.27447755834632304, 'microF1': 0.3899822620153729, 'weightF1': 0.4315671068669495, 'subsetAcc': 0.3899822620153729, 'IoU': 0.21422271403015686, 'classIoU': [0.021936271738393, 0.6796448087431693, 0.0037480725892539437, 0.002881844380403458, 0.4351224596143825, 0.7524667307595001, 0.002017872585759585, 0.40059044652518466, 0.035916195543731294, 0.02212515185194758, 0.0], 'confusionMatrix': [[970, 0, 1, 3, 57, 0, 2, 40, 0, 2, 0], [13, 995, 156, 3, 0, 0, 0, 0, 0, 0, 0], [195, 31, 158, 1, 0, 0, 0, 0, 0, 0, 0], [86, 0, 0, 2, 0, 0, 0, 4, 0, 0, 0], [189, 0, 0, 4, 835, 23, 0, 2, 287, 0, 0], [1745, 2, 54, 7, 401, 14871, 11, 128, 2036, 7, 0], [18614, 9, 331, 10, 112, 475, 49, 2730, 1826, 114, 0], [18896, 254, 41228, 574, 3, 0, 0, 64046, 563, 0, 1], [41, 0, 0, 0, 4, 0, 0, 0, 324, 0, 0], [3132, 0, 0, 0, 2, 3, 0, 31394, 3179, 856, 0], [233, 1, 0, 0, 0, 0, 0, 16, 761, 0, 0]]}
root - INFO - New best overall model saved with IoU: 0.21422271403015686
root - INFO - Model for epoch 4 saved to C:\Users\karth\Downloads\Projects\Mini_Project\MDD2\Marine_Debris_Detection\semantic_segmentation\unet\trained_models\4
root - INFO - Class-Specific IoU: [0.021936271738393, 0.6796448087431693, 0.0037480725892539437, 0.002881844380403458, 0.4351224596143825, 0.7524667307595001, 0.002017872585759585, 0.40059044652518466, 0.035916195543731294, 0.02212515185194758, 0.0]
root - INFO - Confusion Matrix:
[[  970     0     1     3    57     0     2    40     0     2     0]
 [   13   995   156     3     0     0     0     0     0     0     0]
 [  195    31   158     1     0     0     0     0     0     0     0]
 [   86     0     0     2     0     0     0     4     0     0     0]
 [  189     0     0     4   835    23     0     2   287     0     0]
 [ 1745     2    54     7   401 14871    11   128  2036     7     0]
 [18614     9   331    10   112   475    49  2730  1826   114     0]
 [18896   254 41228   574     3     0     0 64046   563     0     1]
 [   41     0     0     0     4     0     0     0   324     0     0]
 [ 3132     0     0     0     2     3     0 31394  3179   856     0]
 [  233     1     0     0     0     0     0    16   761     0     0]]
root - INFO - Training loss was: 2.479406151247646
root - INFO - 

root - INFO - Test loss was: 2.8425012270170966
root - INFO - STATISTICS AFTER EPOCH 5: 

root - INFO - Evaluation: {'macroPrec': 0.4130985774428196, 'microPrec': 0.42298992970502386, 'weightPrec': 0.7231640969994736, 'macroRec': 0.44967943009669287, 'microRec': 0.42298992970502386, 'weightRec': 0.42298992970502386, 'macroF1': 0.24880444718471634, 'microF1': 0.42298992970502386, 'weightF1': 0.4526877071790556, 'subsetAcc': 0.42298992970502386, 'IoU': 0.18086650172570154, 'classIoU': [0.022820449493702148, 0.4199203187250996, 0.00639788208041476, 0.036414565826330535, 0.2772027972027972, 0.714870794734276, 0.0011947431302270011, 0.4400303643724696, 0.04058373870743572, 0.030095864709964275, 0.0], 'confusionMatrix': [[924, 0, 3, 10, 74, 0, 0, 60, 2, 2, 0], [8, 527, 628, 4, 0, 0, 0, 0, 0, 0, 0], [135, 6, 232, 12, 0, 0, 0, 0, 0, 0, 0], [75, 0, 0, 13, 0, 0, 0, 4, 0, 0, 0], [235, 0, 6, 0, 991, 8, 0, 1, 99, 0, 0], [994, 0, 26, 15, 1487, 14662, 3, 128, 1861, 1, 85], [18743, 26, 135, 19, 596, 982, 29, 1657, 1634, 339, 110], [17794, 56, 35078, 205, 6, 83, 0, 71299, 1043, 1, 0], [27, 0, 0, 0, 41, 0, 0, 9, 292, 0, 0], [1022, 0, 1, 0, 8, 0, 0, 34482, 1882, 1171, 0], [382, 0, 0, 0, 23, 175, 0, 126, 305, 0, 0]]}
root - INFO - New best marine debris model saved with IoU: 0.022820449493702148
root - INFO - Model for epoch 5 saved to C:\Users\karth\Downloads\Projects\Mini_Project\MDD2\Marine_Debris_Detection\semantic_segmentation\unet\trained_models\5
root - INFO - Class-Specific IoU: [0.022820449493702148, 0.4199203187250996, 0.00639788208041476, 0.036414565826330535, 0.2772027972027972, 0.714870794734276, 0.0011947431302270011, 0.4400303643724696, 0.04058373870743572, 0.030095864709964275, 0.0]
root - INFO - Confusion Matrix:
[[  924     0     3    10    74     0     0    60     2     2     0]
 [    8   527   628     4     0     0     0     0     0     0     0]
 [  135     6   232    12     0     0     0     0     0     0     0]
 [   75     0     0    13     0     0     0     4     0     0     0]
 [  235     0     6     0   991     8     0     1    99     0     0]
 [  994     0    26    15  1487 14662     3   128  1861     1    85]
 [18743    26   135    19   596   982    29  1657  1634   339   110]
 [17794    56 35078   205     6    83     0 71299  1043     1     0]
 [   27     0     0     0    41     0     0     9   292     0     0]
 [ 1022     0     1     0     8     0     0 34482  1882  1171     0]
 [  382     0     0     0    23   175     0   126   305     0     0]]
root - INFO - Training loss was: 2.421025459992819
root - INFO - 

root - INFO - Test loss was: 2.110319417774537
root - INFO - STATISTICS AFTER EPOCH 6: 

root - INFO - Evaluation: {'macroPrec': 0.3527881944432641, 'microPrec': 0.6586188773451211, 'weightPrec': 0.7095103438754763, 'macroRec': 0.4173976833968939, 'microRec': 0.6586188773451211, 'weightRec': 0.6586188773451211, 'macroF1': 0.2527743866942673, 'microF1': 0.6586188773451211, 'weightF1': 0.6111359824970347, 'subsetAcc': 0.6586188773451211, 'IoU': 0.19039291238516978, 'classIoU': [0.03059063752552371, 0.15269709543568466, 0.04030115146147033, 0.0, 0.304804327076042, 0.6849676336609926, 0.0, 0.7533819653496884, 0.049198763002530226, 0.07838046272493573, 0.0], 'confusionMatrix': [[809, 0, 3, 3, 67, 5, 0, 0, 188, 0, 0], [31, 184, 930, 22, 0, 0, 0, 0, 0, 0, 0], [273, 5, 91, 15, 0, 0, 0, 0, 1, 0, 0], [75, 0, 0, 0, 1, 0, 0, 0, 16, 0, 0], [165, 0, 2, 1, 958, 10, 0, 1, 199, 4, 0], [656, 0, 108, 9, 1320, 14285, 0, 151, 2597, 4, 132], [18486, 0, 829, 7, 410, 1410, 0, 173, 2669, 257, 29], [4386, 33, 1, 225, 0, 0, 0, 120627, 291, 2, 0], [14, 0, 0, 0, 1, 0, 0, 4, 350, 0, 0], [953, 0, 0, 0, 4, 0, 0, 34022, 538, 3049, 0], [332, 0, 0, 0, 0, 168, 0, 198, 246, 67, 0]]}
root - INFO - New best marine debris model saved with IoU: 0.03059063752552371
root - INFO - Model for epoch 6 saved to C:\Users\karth\Downloads\Projects\Mini_Project\MDD2\Marine_Debris_Detection\semantic_segmentation\unet\trained_models\6
root - INFO - Class-Specific IoU: [0.03059063752552371, 0.15269709543568466, 0.04030115146147033, 0.0, 0.304804327076042, 0.6849676336609926, 0.0, 0.7533819653496884, 0.049198763002530226, 0.07838046272493573, 0.0]
root - INFO - Confusion Matrix:
[[   809      0      3      3     67      5      0      0    188      0
       0]
 [    31    184    930     22      0      0      0      0      0      0
       0]
 [   273      5     91     15      0      0      0      0      1      0
       0]
 [    75      0      0      0      1      0      0      0     16      0
       0]
 [   165      0      2      1    958     10      0      1    199      4
       0]
 [   656      0    108      9   1320  14285      0    151   2597      4
     132]
 [ 18486      0    829      7    410   1410      0    173   2669    257
      29]
 [  4386     33      1    225      0      0      0 120627    291      2
       0]
 [    14      0      0      0      1      0      0      4    350      0
       0]
 [   953      0      0      0      4      0      0  34022    538   3049
       0]
 [   332      0      0      0      0    168      0    198    246     67
       0]]
root - INFO - Training loss was: 2.2891341276896955
root - INFO - 

root - INFO - Test loss was: 2.2378555583584205
root - INFO - STATISTICS AFTER EPOCH 7: 

root - INFO - Evaluation: {'macroPrec': 0.3106785302467733, 'microPrec': 0.6836726074837401, 'weightPrec': 0.7383314893465552, 'macroRec': 0.42232566732007054, 'microRec': 0.6836726074837401, 'weightRec': 0.6836726074837401, 'macroF1': 0.265467017687166, 'microF1': 0.6836726074837401, 'weightF1': 0.6591901627094702, 'subsetAcc': 0.6836726074837401, 'IoU': 0.20140050849618152, 'classIoU': [0.0337754771918473, 0.07800511508951406, 0.07260556127703399, 0.009933774834437087, 0.28562577447335813, 0.711308490051109, 0.0, 0.7967284666653559, 0.03978727595036439, 0.18763565792497638, 0.0], 'confusionMatrix': [[1044, 0, 0, 6, 25, 0, 0, 0, 0, 0, 0], [30, 122, 1010, 5, 0, 0, 0, 0, 0, 0, 0], [231, 4, 141, 9, 0, 0, 0, 0, 0, 0, 0], [85, 0, 1, 6, 0, 0, 0, 0, 0, 0, 0], [380, 0, 0, 11, 922, 0, 0, 0, 27, 0, 0], [2661, 7, 169, 27, 1362, 14335, 2, 0, 695, 4, 0], [21377, 282, 230, 10, 409, 638, 0, 2, 730, 591, 1], [3037, 104, 145, 444, 0, 0, 0, 121572, 263, 0, 0], [87, 0, 0, 0, 80, 0, 0, 0, 202, 0, 0], [1566, 0, 2, 0, 7, 6, 0, 27022, 2615, 7348, 0], [381, 0, 0, 0, 5, 247, 0, 0, 378, 0, 0]]}
root - INFO - New best marine debris model saved with IoU: 0.0337754771918473
root - INFO - Model for epoch 7 saved to C:\Users\karth\Downloads\Projects\Mini_Project\MDD2\Marine_Debris_Detection\semantic_segmentation\unet\trained_models\7
root - INFO - Class-Specific IoU: [0.0337754771918473, 0.07800511508951406, 0.07260556127703399, 0.009933774834437087, 0.28562577447335813, 0.711308490051109, 0.0, 0.7967284666653559, 0.03978727595036439, 0.18763565792497638, 0.0]
root - INFO - Confusion Matrix:
[[  1044      0      0      6     25      0      0      0      0      0
       0]
 [    30    122   1010      5      0      0      0      0      0      0
       0]
 [   231      4    141      9      0      0      0      0      0      0
       0]
 [    85      0      1      6      0      0      0      0      0      0
       0]
 [   380      0      0     11    922      0      0      0     27      0
       0]
 [  2661      7    169     27   1362  14335      2      0    695      4
       0]
 [ 21377    282    230     10    409    638      0      2    730    591
       1]
 [  3037    104    145    444      0      0      0 121572    263      0
       0]
 [    87      0      0      0     80      0      0      0    202      0
       0]
 [  1566      0      2      0      7      6      0  27022   2615   7348
       0]
 [   381      0      0      0      5    247      0      0    378      0
       0]]
root - INFO - Training loss was: 2.1672169225397946
root - INFO - 

root - INFO - Test loss was: 2.22950955953275
root - INFO - STATISTICS AFTER EPOCH 8: 

root - INFO - Evaluation: {'macroPrec': 0.365150236156738, 'microPrec': 0.6930249364154255, 'weightPrec': 0.8696205358790796, 'macroRec': 0.3764698917518547, 'microRec': 0.6930249364154255, 'weightRec': 0.6930249364154255, 'macroF1': 0.2577460799763639, 'microF1': 0.6930249364154255, 'weightF1': 0.7106324486245935, 'subsetAcc': 0.6930249364154255, 'IoU': 0.2038482583840215, 'classIoU': [0.030662124129758554, 0.0007686395080707148, 0.02292409577177789, 0.006024096385542169, 0.279806259314456, 0.6926699426699426, 0.0007414119779223989, 0.8324653575188846, 0.004208754208754209, 0.37109769683152416, 0.0009624639076034649], 'confusionMatrix': [[1035, 0, 2, 31, 7, 0, 0, 0, 0, 0, 0], [17, 1, 1147, 2, 0, 0, 0, 0, 0, 0, 0], [195, 0, 180, 10, 0, 0, 0, 0, 0, 0, 0], [87, 0, 0, 5, 0, 0, 0, 0, 0, 0, 0], [487, 0, 0, 94, 751, 0, 0, 8, 0, 0, 0], [4166, 0, 298, 81, 848, 13532, 5, 0, 304, 0, 28], [23078, 2, 253, 37, 246, 163, 18, 16, 440, 17, 0], [1200, 132, 5767, 480, 15, 1, 3, 117808, 159, 0, 0], [111, 0, 0, 0, 225, 3, 0, 0, 30, 0, 0], [2911, 0, 0, 3, 3, 0, 0, 15928, 5397, 14324, 0], [428, 0, 0, 0, 0, 107, 0, 0, 459, 16, 1]]}
root - INFO - Model for epoch 8 saved to C:\Users\karth\Downloads\Projects\Mini_Project\MDD2\Marine_Debris_Detection\semantic_segmentation\unet\trained_models\8
root - INFO - Class-Specific IoU: [0.030662124129758554, 0.0007686395080707148, 0.02292409577177789, 0.006024096385542169, 0.279806259314456, 0.6926699426699426, 0.0007414119779223989, 0.8324653575188846, 0.004208754208754209, 0.37109769683152416, 0.0009624639076034649]
root - INFO - Confusion Matrix:
[[  1035      0      2     31      7      0      0      0      0      0
       0]
 [    17      1   1147      2      0      0      0      0      0      0
       0]
 [   195      0    180     10      0      0      0      0      0      0
       0]
 [    87      0      0      5      0      0      0      0      0      0
       0]
 [   487      0      0     94    751      0      0      8      0      0
       0]
 [  4166      0    298     81    848  13532      5      0    304      0
      28]
 [ 23078      2    253     37    246    163     18     16    440     17
       0]
 [  1200    132   5767    480     15      1      3 117808    159      0
       0]
 [   111      0      0      0    225      3      0      0     30      0
       0]
 [  2911      0      0      3      3      0      0  15928   5397  14324
       0]
 [   428      0      0      0      0    107      0      0    459     16
       1]]
root - INFO - Training loss was: 2.135583475315371
root - INFO - 

root - INFO - Test loss was: 1.8993302864479766
root - INFO - STATISTICS AFTER EPOCH 9: 

root - INFO - Evaluation: {'macroPrec': 0.4048303330121196, 'microPrec': 0.7169993711931376, 'weightPrec': 0.8684970710434223, 'macroRec': 0.5553716291741554, 'microRec': 0.7169993711931376, 'weightRec': 0.7169993711931376, 'macroF1': 0.31754505376929776, 'microF1': 0.7169993711931376, 'weightF1': 0.7159329720557706, 'subsetAcc': 0.7169993711931376, 'IoU': 0.2438250944945519, 'classIoU': [0.0439055520102106, 0.21983512365725705, 0.043063133281371783, 0.011210762331838564, 0.40930037704231254, 0.7039187936167097, 0.0020182050331562255, 0.8361004209678091, 0.04240523588764658, 0.3703184356117584, 0.0], 'confusionMatrix': [[1032, 0, 2, 8, 31, 0, 0, 0, 2, 0, 0], [12, 880, 261, 14, 0, 0, 0, 0, 0, 0, 0], [104, 0, 221, 60, 0, 0, 0, 0, 0, 0, 0], [77, 0, 0, 15, 0, 0, 0, 0, 0, 0, 0], [302, 0, 1, 13, 977, 7, 0, 0, 40, 0, 0], [2654, 0, 36, 89, 545, 14424, 6, 19, 739, 15, 735], [15724, 1571, 3994, 159, 459, 1221, 49, 356, 704, 15, 18], [2814, 224, 241, 902, 0, 0, 1, 120360, 442, 581, 0], [57, 0, 0, 0, 1, 0, 0, 0, 311, 0, 0], [587, 1040, 211, 1, 9, 1, 1, 18014, 4177, 14525, 0], [99, 1, 1, 0, 2, 0, 1, 0, 861, 46, 0]]}
root - INFO - New best marine debris model saved with IoU: 0.0439055520102106
root - INFO - New best overall model saved with IoU: 0.2438250944945519
root - INFO - Model for epoch 9 saved to C:\Users\karth\Downloads\Projects\Mini_Project\MDD2\Marine_Debris_Detection\semantic_segmentation\unet\trained_models\9
root - INFO - Class-Specific IoU: [0.0439055520102106, 0.21983512365725705, 0.043063133281371783, 0.011210762331838564, 0.40930037704231254, 0.7039187936167097, 0.0020182050331562255, 0.8361004209678091, 0.04240523588764658, 0.3703184356117584, 0.0]
root - INFO - Confusion Matrix:
[[  1032      0      2      8     31      0      0      0      2      0
       0]
 [    12    880    261     14      0      0      0      0      0      0
       0]
 [   104      0    221     60      0      0      0      0      0      0
       0]
 [    77      0      0     15      0      0      0      0      0      0
       0]
 [   302      0      1     13    977      7      0      0     40      0
       0]
 [  2654      0     36     89    545  14424      6     19    739     15
     735]
 [ 15724   1571   3994    159    459   1221     49    356    704     15
      18]
 [  2814    224    241    902      0      0      1 120360    442    581
       0]
 [    57      0      0      0      1      0      0      0    311      0
       0]
 [   587   1040    211      1      9      1      1  18014   4177  14525
       0]
 [    99      1      1      0      2      0      1      0    861     46
       0]]
root - INFO - Training loss was: 2.137143827683433
root - INFO - 

root - INFO - Test loss was: 1.9560331906922468
root - INFO - STATISTICS AFTER EPOCH 10: 

root - INFO - Evaluation: {'macroPrec': 0.44972373408992095, 'microPrec': 0.7273230659496391, 'weightPrec': 0.8241698789251622, 'macroRec': 0.49427290995570416, 'microRec': 0.7273230659496391, 'weightRec': 0.7273230659496391, 'macroF1': 0.3111164049003157, 'microF1': 0.7273230659496391, 'weightF1': 0.731882404102061, 'subsetAcc': 0.7273230659496391, 'IoU': 0.24270974710819226, 'classIoU': [0.040010097185409564, 0.01347517730496454, 0.0294571127160594, 0.02518891687657431, 0.37627811860940696, 0.7577518383298195, 0.0054230377166156985, 0.8386955554937877, 0.05909510618651893, 0.4373897256245685, 0.08704253214638971], 'confusionMatrix': [[951, 0, 29, 78, 17, 0, 0, 0, 0, 0, 0], [6, 19, 1133, 9, 0, 0, 0, 0, 0, 0, 0], [4, 0, 363, 18, 0, 0, 0, 0, 0, 0, 0], [51, 0, 1, 40, 0, 0, 0, 0, 0, 0, 0], [458, 1, 3, 120, 736, 13, 0, 0, 9, 0, 0], [2676, 3, 793, 482, 478, 14736, 11, 4, 6, 73, 0], [15928, 51, 7178, 405, 91, 159, 133, 1, 117, 207, 0], [1417, 188, 2788, 383, 0, 2, 17, 120695, 75, 0, 0], [213, 0, 0, 0, 25, 3, 0, 0, 128, 0, 0], [1559, 0, 13, 1, 5, 0, 222, 18338, 1323, 17105, 0], [382, 0, 0, 0, 0, 8, 5, 0, 267, 261, 88]]}
root - INFO - Model for epoch 10 saved to C:\Users\karth\Downloads\Projects\Mini_Project\MDD2\Marine_Debris_Detection\semantic_segmentation\unet\trained_models\10
root - INFO - Class-Specific IoU: [0.040010097185409564, 0.01347517730496454, 0.0294571127160594, 0.02518891687657431, 0.37627811860940696, 0.7577518383298195, 0.0054230377166156985, 0.8386955554937877, 0.05909510618651893, 0.4373897256245685, 0.08704253214638971]
root - INFO - Confusion Matrix:
[[   951      0     29     78     17      0      0      0      0      0
       0]
 [     6     19   1133      9      0      0      0      0      0      0
       0]
 [     4      0    363     18      0      0      0      0      0      0
       0]
 [    51      0      1     40      0      0      0      0      0      0
       0]
 [   458      1      3    120    736     13      0      0      9      0
       0]
 [  2676      3    793    482    478  14736     11      4      6     73
       0]
 [ 15928     51   7178    405     91    159    133      1    117    207
       0]
 [  1417    188   2788    383      0      2     17 120695     75      0
       0]
 [   213      0      0      0     25      3      0      0    128      0
       0]
 [  1559      0     13      1      5      0    222  18338   1323  17105
       0]
 [   382      0      0      0      0      8      5      0    267    261
      88]]
root - INFO - Training loss was: 2.0523044676754063
root - INFO - 

root - INFO - Test loss was: 1.711707919626549
root - INFO - STATISTICS AFTER EPOCH 11: 

root - INFO - Evaluation: {'macroPrec': 0.4417531838416026, 'microPrec': 0.7200167056151514, 'weightPrec': 0.7806517386836278, 'macroRec': 0.5286979218820165, 'microRec': 0.7200167056151514, 'weightRec': 0.7200167056151514, 'macroF1': 0.3382091426423053, 'microF1': 0.7200167056151514, 'weightF1': 0.6900721209054749, 'subsetAcc': 0.7200167056151514, 'IoU': 0.26275275728504277, 'classIoU': [0.04600194810944833, 0.0, 0.08581436077057793, 0.03358778625954199, 0.543134872417983, 0.8363539445628998, 0.0017289642680717932, 0.7994799873936338, 0.1774364406779661, 0.2713257487810541, 0.09541627689429373], 'confusionMatrix': [[1039, 0, 0, 21, 14, 0, 0, 1, 0, 0, 0], [4, 0, 1161, 2, 0, 0, 0, 0, 0, 0, 0], [83, 0, 294, 8, 0, 0, 0, 0, 0, 0, 0], [70, 0, 0, 22, 0, 0, 0, 0, 0, 0, 0], [273, 6, 0, 27, 894, 8, 1, 1, 126, 4, 0], [1270, 0, 54, 34, 173, 17259, 10, 2, 272, 140, 48], [17257, 22, 877, 31, 113, 1351, 42, 5, 736, 3832, 4], [2371, 0, 948, 440, 0, 0, 8, 121764, 32, 2, 0], [29, 0, 0, 0, 0, 1, 0, 0, 335, 4, 0], [87, 0, 1, 0, 6, 6, 3, 26730, 41, 11686, 6], [67, 0, 0, 0, 0, 8, 0, 0, 312, 522, 102]]}
root - INFO - New best marine debris model saved with IoU: 0.04600194810944833
root - INFO - New best overall model saved with IoU: 0.26275275728504277
root - INFO - Model for epoch 11 saved to C:\Users\karth\Downloads\Projects\Mini_Project\MDD2\Marine_Debris_Detection\semantic_segmentation\unet\trained_models\11
root - INFO - Class-Specific IoU: [0.04600194810944833, 0.0, 0.08581436077057793, 0.03358778625954199, 0.543134872417983, 0.8363539445628998, 0.0017289642680717932, 0.7994799873936338, 0.1774364406779661, 0.2713257487810541, 0.09541627689429373]
root - INFO - Confusion Matrix:
[[  1039      0      0     21     14      0      0      1      0      0
       0]
 [     4      0   1161      2      0      0      0      0      0      0
       0]
 [    83      0    294      8      0      0      0      0      0      0
       0]
 [    70      0      0     22      0      0      0      0      0      0
       0]
 [   273      6      0     27    894      8      1      1    126      4
       0]
 [  1270      0     54     34    173  17259     10      2    272    140
      48]
 [ 17257     22    877     31    113   1351     42      5    736   3832
       4]
 [  2371      0    948    440      0      0      8 121764     32      2
       0]
 [    29      0      0      0      0      1      0      0    335      4
       0]
 [    87      0      1      0      6      6      3  26730     41  11686
       6]
 [    67      0      0      0      0      8      0      0    312    522
     102]]
root - INFO - Training loss was: 1.981317041084531
root - INFO - 

root - INFO - Test loss was: 2.0577772038486244
root - INFO - STATISTICS AFTER EPOCH 12: 

root - INFO - Evaluation: {'macroPrec': 0.40033250287524763, 'microPrec': 0.7152068023763268, 'weightPrec': 0.8537378570822127, 'macroRec': 0.6145544428989379, 'microRec': 0.7152068023763268, 'weightRec': 0.7152068023763268, 'macroF1': 0.38946607473196626, 'microF1': 0.7152068023763268, 'weightF1': 0.752977678848429, 'subsetAcc': 0.7152068023763268, 'IoU': 0.30929858247533887, 'classIoU': [0.04773361562890963, 0.31683748169838943, 0.014355086045322882, 0.056179775280898875, 0.5059523809523809, 0.8134707361569943, 0.006616025483950012, 0.764646897628634, 0.06028833551769332, 0.7181648571492796, 0.09803921568627451], 'confusionMatrix': [[992, 0, 6, 4, 71, 0, 0, 0, 0, 2, 0], [0, 1082, 84, 1, 0, 0, 0, 0, 0, 0, 0], [27, 16, 337, 5, 0, 0, 0, 0, 0, 0, 0], [72, 0, 0, 20, 0, 0, 0, 0, 0, 0, 0], [111, 0, 0, 12, 1190, 19, 0, 3, 5, 0, 0], [1549, 0, 251, 13, 444, 16498, 98, 3, 47, 195, 164], [14209, 4, 5365, 24, 340, 862, 162, 6, 94, 3166, 38], [3179, 2228, 17370, 205, 4, 6, 93, 99895, 399, 2186, 0], [126, 0, 0, 0, 124, 17, 2, 0, 92, 3, 5], [407, 0, 11, 0, 18, 6, 12, 5065, 327, 31949, 771], [27, 0, 4, 0, 11, 109, 11, 0, 285, 369, 195]]}
root - INFO - New best marine debris model saved with IoU: 0.04773361562890963
root - INFO - New best overall model saved with IoU: 0.30929858247533887
root - INFO - Model for epoch 12 saved to C:\Users\karth\Downloads\Projects\Mini_Project\MDD2\Marine_Debris_Detection\semantic_segmentation\unet\trained_models\12
root - INFO - Class-Specific IoU: [0.04773361562890963, 0.31683748169838943, 0.014355086045322882, 0.056179775280898875, 0.5059523809523809, 0.8134707361569943, 0.006616025483950012, 0.764646897628634, 0.06028833551769332, 0.7181648571492796, 0.09803921568627451]
root - INFO - Confusion Matrix:
[[  992     0     6     4    71     0     0     0     0     2     0]
 [    0  1082    84     1     0     0     0     0     0     0     0]
 [   27    16   337     5     0     0     0     0     0     0     0]
 [   72     0     0    20     0     0     0     0     0     0     0]
 [  111     0     0    12  1190    19     0     3     5     0     0]
 [ 1549     0   251    13   444 16498    98     3    47   195   164]
 [14209     4  5365    24   340   862   162     6    94  3166    38]
 [ 3179  2228 17370   205     4     6    93 99895   399  2186     0]
 [  126     0     0     0   124    17     2     0    92     3     5]
 [  407     0    11     0    18     6    12  5065   327 31949   771]
 [   27     0     4     0    11   109    11     0   285   369   195]]
root - INFO - Training loss was: 1.95186595765794
root - INFO - 

root - INFO - Test loss was: 1.750372304532499
root - INFO - STATISTICS AFTER EPOCH 13: 

root - INFO - Evaluation: {'macroPrec': 0.454542692153724, 'microPrec': 0.8248256703362709, 'weightPrec': 0.8689916989578815, 'macroRec': 0.6840456118300048, 'microRec': 0.8248256703362709, 'weightRec': 0.8248256703362709, 'macroF1': 0.4693309706685728, 'microF1': 0.8248256703362709, 'weightF1': 0.8308765418882323, 'subsetAcc': 0.8248256703362709, 'IoU': 0.384316039153552, 'classIoU': [0.04041928379150012, 0.5405271009448036, 0.1475684740078256, 0.03816793893129771, 0.4719626168224299, 0.8091019123698863, 0.010836653386454183, 0.9363438348380579, 0.07578065498857578, 0.8519352468535943, 0.3048327137546468], 'confusionMatrix': [[991, 0, 1, 10, 72, 0, 0, 0, 1, 0, 0], [2, 1087, 61, 17, 0, 0, 0, 0, 0, 0, 0], [33, 45, 264, 43, 0, 0, 0, 0, 0, 0, 0], [56, 0, 1, 35, 0, 0, 0, 0, 0, 0, 0], [87, 0, 0, 5, 1212, 10, 0, 0, 21, 4, 1], [1266, 0, 149, 18, 583, 16712, 79, 0, 143, 106, 206], [19066, 4, 902, 12, 425, 1356, 272, 0, 1790, 324, 119], [2037, 795, 286, 720, 3, 0, 85, 118646, 39, 2954, 0], [43, 0, 0, 0, 112, 5, 1, 0, 199, 2, 7], [776, 0, 3, 0, 27, 1, 606, 1147, 61, 35944, 1], [77, 0, 1, 0, 6, 21, 59, 0, 202, 235, 410]]}
root - INFO - New best overall model saved with IoU: 0.384316039153552
root - INFO - Model for epoch 13 saved to C:\Users\karth\Downloads\Projects\Mini_Project\MDD2\Marine_Debris_Detection\semantic_segmentation\unet\trained_models\13
root - INFO - Class-Specific IoU: [0.04041928379150012, 0.5405271009448036, 0.1475684740078256, 0.03816793893129771, 0.4719626168224299, 0.8091019123698863, 0.010836653386454183, 0.9363438348380579, 0.07578065498857578, 0.8519352468535943, 0.3048327137546468]
root - INFO - Confusion Matrix:
[[   991      0      1     10     72      0      0      0      1      0
       0]
 [     2   1087     61     17      0      0      0      0      0      0
       0]
 [    33     45    264     43      0      0      0      0      0      0
       0]
 [    56      0      1     35      0      0      0      0      0      0
       0]
 [    87      0      0      5   1212     10      0      0     21      4
       1]
 [  1266      0    149     18    583  16712     79      0    143    106
     206]
 [ 19066      4    902     12    425   1356    272      0   1790    324
     119]
 [  2037    795    286    720      3      0     85 118646     39   2954
       0]
 [    43      0      0      0    112      5      1      0    199      2
       7]
 [   776      0      3      0     27      1    606   1147     61  35944
       1]
 [    77      0      1      0      6     21     59      0    202    235
     410]]
root - INFO - Training loss was: 1.9015617033178802
root - INFO - 

root - INFO - Test loss was: 1.6274323438781584
root - INFO - STATISTICS AFTER EPOCH 14: 

root - INFO - Evaluation: {'macroPrec': 0.5457807511053077, 'microPrec': 0.8329813891939072, 'weightPrec': 0.8791691589723275, 'macroRec': 0.6337373570545509, 'microRec': 0.8329813891939072, 'weightRec': 0.8329813891939072, 'macroF1': 0.4467919089783795, 'microF1': 0.8329813891939072, 'weightF1': 0.8162187878652596, 'subsetAcc': 0.8329813891939072, 'IoU': 0.3539245290241128, 'classIoU': [0.09546925566343042, 0.1146278870829769, 0.058081276674707735, 0.15263157894736842, 0.5037527593818985, 0.8098373169219025, 0.023341722822115774, 0.945864363809222, 0.11328480436760692, 0.689954067269225, 0.38632478632478634], 'confusionMatrix': [[1003, 0, 3, 16, 48, 0, 0, 0, 5, 0, 0], [0, 134, 1030, 3, 0, 0, 0, 0, 0, 0, 0], [59, 0, 313, 11, 0, 0, 1, 1, 0, 0, 0], [63, 0, 0, 29, 0, 0, 0, 0, 0, 0, 0], [151, 0, 0, 12, 1141, 14, 1, 0, 17, 4, 0], [1274, 0, 43, 22, 490, 16975, 122, 2, 237, 65, 32], [6723, 0, 3552, 34, 309, 1636, 575, 8, 1133, 10264, 36], [579, 2, 374, 0, 0, 0, 235, 119387, 28, 4960, 0], [36, 0, 0, 0, 69, 11, 0, 2, 249, 2, 0], [526, 0, 2, 0, 9, 7, 5, 642, 32, 37252, 91], [20, 0, 0, 0, 0, 31, 0, 0, 377, 131, 452]]}
root - INFO - New best marine debris model saved with IoU: 0.09546925566343042
root - INFO - Model for epoch 14 saved to C:\Users\karth\Downloads\Projects\Mini_Project\MDD2\Marine_Debris_Detection\semantic_segmentation\unet\trained_models\14
root - INFO - Class-Specific IoU: [0.09546925566343042, 0.1146278870829769, 0.058081276674707735, 0.15263157894736842, 0.5037527593818985, 0.8098373169219025, 0.023341722822115774, 0.945864363809222, 0.11328480436760692, 0.689954067269225, 0.38632478632478634]
root - INFO - Confusion Matrix:
[[  1003      0      3     16     48      0      0      0      5      0
       0]
 [     0    134   1030      3      0      0      0      0      0      0
       0]
 [    59      0    313     11      0      0      1      1      0      0
       0]
 [    63      0      0     29      0      0      0      0      0      0
       0]
 [   151      0      0     12   1141     14      1      0     17      4
       0]
 [  1274      0     43     22    490  16975    122      2    237     65
      32]
 [  6723      0   3552     34    309   1636    575      8   1133  10264
      36]
 [   579      2    374      0      0      0    235 119387     28   4960
       0]
 [    36      0      0      0     69     11      0      2    249      2
       0]
 [   526      0      2      0      9      7      5    642     32  37252
      91]
 [    20      0      0      0      0     31      0      0    377    131
     452]]
root - INFO - Training loss was: 1.8363270415496116
root - INFO - 

root - INFO - Test loss was: 1.5881547584071494
root - INFO - STATISTICS AFTER EPOCH 15: 

root - INFO - Evaluation: {'macroPrec': 0.5439323309994097, 'microPrec': 0.8471999324267252, 'weightPrec': 0.9226447642973548, 'macroRec': 0.6059017642339299, 'microRec': 0.8471999324267252, 'weightRec': 0.8471999324267252, 'macroF1': 0.45343594886102584, 'microF1': 0.8471999324267251, 'weightF1': 0.8563772235913291, 'subsetAcc': 0.8471999324267252, 'IoU': 0.371376325316973, 'classIoU': [0.04057856152169606, 0.4234388366124893, 0.14961101137043686, 0.09486166007905138, 0.4069373942470389, 0.8055073941866395, 0.0317301935741369, 0.9889592029083075, 0.06680265170831208, 0.9199559155218372, 0.15675675675675677], 'confusionMatrix': [[1024, 0, 0, 34, 14, 0, 2, 0, 1, 0, 0], [1, 495, 671, 0, 0, 0, 0, 0, 0, 0, 0], [101, 2, 250, 3, 0, 0, 1, 24, 0, 4, 0], [68, 0, 0, 24, 0, 0, 0, 0, 0, 0, 0], [297, 0, 0, 54, 962, 2, 6, 0, 15, 4, 0], [1262, 0, 226, 15, 649, 15796, 599, 111, 441, 87, 76], [20922, 0, 382, 55, 340, 339, 795, 10, 1292, 112, 23], [554, 0, 2, 0, 0, 0, 90, 124865, 18, 36, 0], [91, 0, 0, 0, 8, 0, 0, 5, 262, 3, 0], [628, 0, 5, 0, 13, 0, 68, 544, 1415, 35893, 0], [236, 0, 0, 0, 0, 7, 19, 0, 371, 204, 174]]}
root - INFO - Model for epoch 15 saved to C:\Users\karth\Downloads\Projects\Mini_Project\MDD2\Marine_Debris_Detection\semantic_segmentation\unet\trained_models\15
root - INFO - Class-Specific IoU: [0.04057856152169606, 0.4234388366124893, 0.14961101137043686, 0.09486166007905138, 0.4069373942470389, 0.8055073941866395, 0.0317301935741369, 0.9889592029083075, 0.06680265170831208, 0.9199559155218372, 0.15675675675675677]
root - INFO - Confusion Matrix:
[[  1024      0      0     34     14      0      2      0      1      0
       0]
 [     1    495    671      0      0      0      0      0      0      0
       0]
 [   101      2    250      3      0      0      1     24      0      4
       0]
 [    68      0      0     24      0      0      0      0      0      0
       0]
 [   297      0      0     54    962      2      6      0     15      4
       0]
 [  1262      0    226     15    649  15796    599    111    441     87
      76]
 [ 20922      0    382     55    340    339    795     10   1292    112
      23]
 [   554      0      2      0      0      0     90 124865     18     36
       0]
 [    91      0      0      0      8      0      0      5    262      3
       0]
 [   628      0      5      0     13      0     68    544   1415  35893
       0]
 [   236      0      0      0      0      7     19      0    371    204
     174]]
root - INFO - Training loss was: 1.8512875025942783
root - INFO - 

root - INFO - Test loss was: 1.7423985211828246
root - INFO - STATISTICS AFTER EPOCH 16: 

root - INFO - Evaluation: {'macroPrec': 0.45273981248120276, 'microPrec': 0.7713723944402211, 'weightPrec': 0.8539870313557484, 'macroRec': 0.6495042946081893, 'microRec': 0.7713723944402211, 'weightRec': 0.7713723944402211, 'macroF1': 0.4344074966684031, 'microF1': 0.7713723944402211, 'weightF1': 0.7883571562682025, 'subsetAcc': 0.7713723944402211, 'IoU': 0.347353419288581, 'classIoU': [0.056463761647045696, 0.6269968051118211, 0.030670052744676695, 0.0345679012345679, 0.49204665959703076, 0.7332042988845311, 0.03233754234678164, 0.866080031853474, 0.12203519510328997, 0.6855778235624649, 0.14090754008870693], 'confusionMatrix': [[1012, 0, 7, 8, 47, 0, 0, 0, 1, 0, 0], [3, 785, 371, 7, 0, 0, 1, 0, 0, 0, 0], [37, 0, 314, 20, 0, 0, 14, 0, 0, 0, 0], [78, 0, 0, 14, 0, 0, 0, 0, 0, 0, 0], [158, 0, 0, 26, 928, 10, 9, 0, 198, 4, 7], [1259, 0, 193, 15, 384, 14395, 1225, 3, 185, 71, 1532], [12934, 0, 8394, 109, 111, 359, 840, 4, 1317, 125, 77], [1137, 85, 501, 128, 0, 0, 273, 108758, 216, 14467, 0], [17, 0, 0, 0, 0, 0, 0, 0, 319, 1, 32], [1200, 0, 385, 0, 4, 0, 70, 3, 29, 36603, 272], [25, 0, 2, 0, 0, 2, 114, 0, 299, 156, 413]]}
root - INFO - Model for epoch 16 saved to C:\Users\karth\Downloads\Projects\Mini_Project\MDD2\Marine_Debris_Detection\semantic_segmentation\unet\trained_models\16
root - INFO - Class-Specific IoU: [0.056463761647045696, 0.6269968051118211, 0.030670052744676695, 0.0345679012345679, 0.49204665959703076, 0.7332042988845311, 0.03233754234678164, 0.866080031853474, 0.12203519510328997, 0.6855778235624649, 0.14090754008870693]
root - INFO - Confusion Matrix:
[[  1012      0      7      8     47      0      0      0      1      0
       0]
 [     3    785    371      7      0      0      1      0      0      0
       0]
 [    37      0    314     20      0      0     14      0      0      0
       0]
 [    78      0      0     14      0      0      0      0      0      0
       0]
 [   158      0      0     26    928     10      9      0    198      4
       7]
 [  1259      0    193     15    384  14395   1225      3    185     71
    1532]
 [ 12934      0   8394    109    111    359    840      4   1317    125
      77]
 [  1137     85    501    128      0      0    273 108758    216  14467
       0]
 [    17      0      0      0      0      0      0      0    319      1
      32]
 [  1200      0    385      0      4      0     70      3     29  36603
     272]
 [    25      0      2      0      0      2    114      0    299    156
     413]]
root - INFO - Training loss was: 1.7641664932116006
root - INFO - 

root - INFO - Test loss was: 1.6049396604110189
root - INFO - STATISTICS AFTER EPOCH 17: 

root - INFO - Evaluation: {'macroPrec': 0.5092096361562444, 'microPrec': 0.8519441394261903, 'weightPrec': 0.9107032048647896, 'macroRec': 0.7099168871615699, 'microRec': 0.8519441394261903, 'weightRec': 0.8519441394261903, 'macroF1': 0.5183267585522316, 'microF1': 0.8519441394261903, 'weightF1': 0.864092392396087, 'subsetAcc': 0.8519441394261903, 'IoU': 0.4251328973934381, 'classIoU': [0.043717277486910996, 0.580046403712297, 0.12248995983935743, 0.12179487179487179, 0.4562446898895497, 0.7867600564229777, 0.06957626485315, 0.974795336539993, 0.13768584356819652, 0.9442367760766041, 0.43911439114391143], 'confusionMatrix': [[1002, 0, 3, 16, 52, 0, 2, 0, 0, 0, 0], [1, 1000, 155, 11, 0, 0, 0, 0, 0, 0, 0], [43, 0, 305, 37, 0, 0, 0, 0, 0, 0, 0], [54, 0, 0, 38, 0, 0, 0, 0, 0, 0, 0], [202, 0, 0, 37, 1074, 7, 12, 0, 4, 4, 0], [731, 0, 66, 7, 530, 16175, 1588, 2, 15, 74, 74], [18364, 0, 1095, 81, 322, 1276, 1862, 1, 980, 213, 76], [1152, 557, 778, 29, 0, 0, 603, 122407, 25, 14, 0], [49, 0, 0, 0, 99, 2, 3, 0, 213, 0, 3], [1230, 0, 8, 2, 11, 0, 107, 4, 133, 36880, 191], [19, 0, 0, 0, 0, 12, 177, 0, 21, 187, 595]]}
root - INFO - New best overall model saved with IoU: 0.4251328973934381
root - INFO - Model for epoch 17 saved to C:\Users\karth\Downloads\Projects\Mini_Project\MDD2\Marine_Debris_Detection\semantic_segmentation\unet\trained_models\17
root - INFO - Class-Specific IoU: [0.043717277486910996, 0.580046403712297, 0.12248995983935743, 0.12179487179487179, 0.4562446898895497, 0.7867600564229777, 0.06957626485315, 0.974795336539993, 0.13768584356819652, 0.9442367760766041, 0.43911439114391143]
root - INFO - Confusion Matrix:
[[  1002      0      3     16     52      0      2      0      0      0
       0]
 [     1   1000    155     11      0      0      0      0      0      0
       0]
 [    43      0    305     37      0      0      0      0      0      0
       0]
 [    54      0      0     38      0      0      0      0      0      0
       0]
 [   202      0      0     37   1074      7     12      0      4      4
       0]
 [   731      0     66      7    530  16175   1588      2     15     74
      74]
 [ 18364      0   1095     81    322   1276   1862      1    980    213
      76]
 [  1152    557    778     29      0      0    603 122407     25     14
       0]
 [    49      0      0      0     99      2      3      0    213      0
       3]
 [  1230      0      8      2     11      0    107      4    133  36880
     191]
 [    19      0      0      0      0     12    177      0     21    187
     595]]
root - INFO - Training loss was: 1.7151147582233508
root - INFO - 

root - INFO - Test loss was: 1.6353445967384181
root - INFO - STATISTICS AFTER EPOCH 18: 

root - INFO - Evaluation: {'macroPrec': 0.5354964663163261, 'microPrec': 0.8580961229833601, 'weightPrec': 0.9016980882064219, 'macroRec': 0.672484726012017, 'microRec': 0.8580961229833601, 'weightRec': 0.8580961229833601, 'macroF1': 0.5387754993573645, 'microF1': 0.8580961229833601, 'weightF1': 0.8676357452697134, 'subsetAcc': 0.8580961229833601, 'IoU': 0.42611289363096, 'classIoU': [0.11869015250029555, 0.6983718937446444, 0.10384068278805121, 0.03162055335968379, 0.4857524487978629, 0.7466926469080094, 0.39189338032822996, 0.9218094384988921, 0.2630368098159509, 0.6950928559158667, 0.23044096728307253], 'confusionMatrix': [[1004, 0, 0, 4, 57, 0, 7, 0, 3, 0, 0], [5, 815, 322, 23, 0, 0, 2, 0, 0, 0, 0], [147, 0, 146, 75, 0, 0, 17, 0, 0, 0, 0], [84, 0, 0, 8, 0, 0, 0, 0, 0, 0, 0], [154, 0, 0, 13, 1091, 12, 2, 0, 68, 0, 0], [2333, 0, 17, 13, 553, 14562, 1442, 5, 59, 104, 174], [3913, 0, 678, 32, 288, 195, 10674, 1660, 230, 6569, 31], [489, 0, 1, 0, 0, 0, 598, 117315, 293, 6869, 0], [8, 0, 0, 0, 2, 1, 0, 0, 343, 4, 11], [244, 0, 2, 1, 6, 0, 835, 36, 142, 36418, 882], [7, 0, 1, 0, 0, 32, 64, 0, 140, 281, 486]]}
root - INFO - New best marine debris model saved with IoU: 0.11869015250029555
root - INFO - New best overall model saved with IoU: 0.42611289363096
root - INFO - Model for epoch 18 saved to C:\Users\karth\Downloads\Projects\Mini_Project\MDD2\Marine_Debris_Detection\semantic_segmentation\unet\trained_models\18
root - INFO - Class-Specific IoU: [0.11869015250029555, 0.6983718937446444, 0.10384068278805121, 0.03162055335968379, 0.4857524487978629, 0.7466926469080094, 0.39189338032822996, 0.9218094384988921, 0.2630368098159509, 0.6950928559158667, 0.23044096728307253]
root - INFO - Confusion Matrix:
[[  1004      0      0      4     57      0      7      0      3      0
       0]
 [     5    815    322     23      0      0      2      0      0      0
       0]
 [   147      0    146     75      0      0     17      0      0      0
       0]
 [    84      0      0      8      0      0      0      0      0      0
       0]
 [   154      0      0     13   1091     12      2      0     68      0
       0]
 [  2333      0     17     13    553  14562   1442      5     59    104
     174]
 [  3913      0    678     32    288    195  10674   1660    230   6569
      31]
 [   489      0      1      0      0      0    598 117315    293   6869
       0]
 [     8      0      0      0      2      1      0      0    343      4
      11]
 [   244      0      2      1      6      0    835     36    142  36418
     882]
 [     7      0      1      0      0     32     64      0    140    281
     486]]
root - INFO - Training loss was: 1.703047094620362
root - INFO - 

root - INFO - Test loss was: 1.4330725023955058
root - INFO - STATISTICS AFTER EPOCH 19: 

root - INFO - Evaluation: {'macroPrec': 0.5771433685206208, 'microPrec': 0.8950080243263789, 'weightPrec': 0.9248451292190161, 'macroRec': 0.7222071430274923, 'microRec': 0.8950080243263789, 'weightRec': 0.8950080243263789, 'macroF1': 0.5859435535511692, 'microF1': 0.8950080243263788, 'weightF1': 0.8938849150823246, 'subsetAcc': 0.8950080243263789, 'IoU': 0.47952988764965493, 'classIoU': [0.12738095238095237, 0.8543046357615894, 0.2773333333333333, 0.026455026455026454, 0.49769004619907603, 0.823486112474237, 0.32821092866336443, 0.9739344701084818, 0.2085603112840467, 0.7942190905436002, 0.3632538569424965], 'confusionMatrix': [[963, 0, 0, 7, 58, 1, 28, 0, 10, 8, 0], [0, 1032, 134, 1, 0, 0, 0, 0, 0, 0, 0], [60, 4, 312, 9, 0, 0, 0, 0, 0, 0, 0], [82, 0, 4, 5, 0, 0, 0, 0, 0, 1, 0], [109, 0, 0, 14, 1185, 12, 2, 0, 14, 4, 0], [639, 0, 57, 15, 381, 16781, 948, 1, 150, 159, 131], [3860, 0, 464, 50, 521, 1057, 8415, 1152, 394, 8279, 78], [1291, 37, 76, 1, 6, 0, 261, 123715, 148, 30, 0], [18, 0, 0, 0, 62, 16, 1, 0, 268, 3, 1], [420, 0, 5, 0, 13, 4, 49, 308, 28, 37534, 205], [6, 0, 0, 0, 0, 26, 80, 0, 172, 209, 518]]}
root - INFO - New best marine debris model saved with IoU: 0.12738095238095237
root - INFO - New best overall model saved with IoU: 0.47952988764965493
root - INFO - Model for epoch 19 saved to C:\Users\karth\Downloads\Projects\Mini_Project\MDD2\Marine_Debris_Detection\semantic_segmentation\unet\trained_models\19
root - INFO - Class-Specific IoU: [0.12738095238095237, 0.8543046357615894, 0.2773333333333333, 0.026455026455026454, 0.49769004619907603, 0.823486112474237, 0.32821092866336443, 0.9739344701084818, 0.2085603112840467, 0.7942190905436002, 0.3632538569424965]
root - INFO - Confusion Matrix:
[[   963      0      0      7     58      1     28      0     10      8
       0]
 [     0   1032    134      1      0      0      0      0      0      0
       0]
 [    60      4    312      9      0      0      0      0      0      0
       0]
 [    82      0      4      5      0      0      0      0      0      1
       0]
 [   109      0      0     14   1185     12      2      0     14      4
       0]
 [   639      0     57     15    381  16781    948      1    150    159
     131]
 [  3860      0    464     50    521   1057   8415   1152    394   8279
      78]
 [  1291     37     76      1      6      0    261 123715    148     30
       0]
 [    18      0      0      0     62     16      1      0    268      3
       1]
 [   420      0      5      0     13      4     49    308     28  37534
     205]
 [     6      0      0      0      0     26     80      0    172    209
     518]]
root - INFO - Training loss was: 1.6239587272789668
root - INFO - 

root - INFO - Test loss was: 1.4069969671379905
root - INFO - STATISTICS AFTER EPOCH 20: 

root - INFO - Evaluation: {'macroPrec': 0.5497510603796204, 'microPrec': 0.8947874726656718, 'weightPrec': 0.9389676316604585, 'macroRec': 0.7532660751073782, 'microRec': 0.8947874726656718, 'weightRec': 0.8947874726656718, 'macroF1': 0.567383145020515, 'microF1': 0.8947874726656718, 'weightF1': 0.9055123420264398, 'subsetAcc': 0.8947874726656718, 'IoU': 0.4663722042839943, 'classIoU': [0.12149881737831446, 0.8607809847198642, 0.21114599686028257, 0.03244274809160305, 0.4673524150268336, 0.816221716168419, 0.4359777586341922, 0.9634076882865592, 0.19501466275659823, 0.827679103588032, 0.19857235561323816], 'confusionMatrix': [[976, 0, 0, 28, 8, 0, 47, 2, 13, 1, 0], [0, 1014, 151, 2, 0, 0, 0, 0, 0, 0, 0], [73, 10, 269, 24, 0, 0, 9, 0, 0, 0, 0], [73, 0, 0, 17, 0, 0, 0, 0, 2, 0, 0], [157, 0, 0, 71, 1045, 1, 11, 0, 51, 1, 3], [787, 0, 12, 48, 443, 16846, 636, 0, 85, 67, 338], [4340, 0, 722, 29, 397, 1316, 11134, 2289, 590, 3262, 191], [1305, 1, 4, 229, 0, 0, 436, 123479, 66, 45, 0], [52, 0, 0, 0, 30, 2, 5, 1, 266, 2, 11], [170, 0, 0, 1, 18, 28, 114, 312, 137, 34717, 3069], [1, 0, 0, 0, 0, 30, 10, 0, 51, 1, 918]]}
root - INFO - Model for epoch 20 saved to C:\Users\karth\Downloads\Projects\Mini_Project\MDD2\Marine_Debris_Detection\semantic_segmentation\unet\trained_models\20
root - INFO - Class-Specific IoU: [0.12149881737831446, 0.8607809847198642, 0.21114599686028257, 0.03244274809160305, 0.4673524150268336, 0.816221716168419, 0.4359777586341922, 0.9634076882865592, 0.19501466275659823, 0.827679103588032, 0.19857235561323816]
root - INFO - Confusion Matrix:
[[   976      0      0     28      8      0     47      2     13      1
       0]
 [     0   1014    151      2      0      0      0      0      0      0
       0]
 [    73     10    269     24      0      0      9      0      0      0
       0]
 [    73      0      0     17      0      0      0      0      2      0
       0]
 [   157      0      0     71   1045      1     11      0     51      1
       3]
 [   787      0     12     48    443  16846    636      0     85     67
     338]
 [  4340      0    722     29    397   1316  11134   2289    590   3262
     191]
 [  1305      1      4    229      0      0    436 123479     66     45
       0]
 [    52      0      0      0     30      2      5      1    266      2
      11]
 [   170      0      0      1     18     28    114    312    137  34717
    3069]
 [     1      0      0      0      0     30     10      0     51      1
     918]]
root - INFO - Training loss was: 1.6032957382486297
root - INFO - 

root - INFO - Test loss was: 1.4430374057042037
root - INFO - STATISTICS AFTER EPOCH 21: 

root - INFO - Evaluation: {'macroPrec': 0.5423372147256015, 'microPrec': 0.9069412769471896, 'weightPrec': 0.9592623835399842, 'macroRec': 0.788042902166059, 'microRec': 0.9069412769471896, 'weightRec': 0.9069412769471896, 'macroF1': 0.5691363505746487, 'microF1': 0.9069412769471896, 'weightF1': 0.9247042171621175, 'subsetAcc': 0.9069412769471896, 'IoU': 0.47126723617619654, 'classIoU': [0.13289438323031444, 0.879045996592845, 0.12750455373406194, 0.07823960880195599, 0.3579009433962264, 0.8144637185438554, 0.5171217205613179, 0.9858074781225139, 0.24922118380062305, 0.8734922932378558, 0.1682477179165921], 'confusionMatrix': [[989, 0, 0, 9, 61, 0, 6, 0, 10, 0, 0], [0, 1032, 135, 0, 0, 0, 0, 0, 0, 0, 0], [44, 2, 280, 47, 0, 0, 12, 0, 0, 0, 0], [60, 0, 0, 32, 0, 0, 0, 0, 0, 0, 0], [64, 0, 0, 26, 1214, 1, 1, 0, 30, 0, 4], [386, 0, 2, 73, 952, 16668, 621, 69, 50, 66, 375], [5372, 0, 1644, 156, 905, 1187, 13561, 10, 136, 654, 645], [401, 5, 30, 3, 0, 0, 1066, 123916, 64, 80, 0], [16, 0, 0, 0, 106, 0, 0, 0, 240, 0, 7], [23, 0, 0, 3, 28, 1, 221, 56, 290, 34399, 3545], [1, 0, 0, 0, 0, 14, 27, 0, 14, 15, 940]]}
root - INFO - New best marine debris model saved with IoU: 0.13289438323031444
root - INFO - Model for epoch 21 saved to C:\Users\karth\Downloads\Projects\Mini_Project\MDD2\Marine_Debris_Detection\semantic_segmentation\unet\trained_models\21
root - INFO - Class-Specific IoU: [0.13289438323031444, 0.879045996592845, 0.12750455373406194, 0.07823960880195599, 0.3579009433962264, 0.8144637185438554, 0.5171217205613179, 0.9858074781225139, 0.24922118380062305, 0.8734922932378558, 0.1682477179165921]
root - INFO - Confusion Matrix:
[[   989      0      0      9     61      0      6      0     10      0
       0]
 [     0   1032    135      0      0      0      0      0      0      0
       0]
 [    44      2    280     47      0      0     12      0      0      0
       0]
 [    60      0      0     32      0      0      0      0      0      0
       0]
 [    64      0      0     26   1214      1      1      0     30      0
       4]
 [   386      0      2     73    952  16668    621     69     50     66
     375]
 [  5372      0   1644    156    905   1187  13561     10    136    654
     645]
 [   401      5     30      3      0      0   1066 123916     64     80
       0]
 [    16      0      0      0    106      0      0      0    240      0
       7]
 [    23      0      0      3     28      1    221     56    290  34399
    3545]
 [     1      0      0      0      0     14     27      0     14     15
     940]]
root - INFO - Training loss was: 1.6479026552019171
root - INFO - 

root - INFO - Test loss was: 1.373854326701292
root - INFO - STATISTICS AFTER EPOCH 22: 

root - INFO - Evaluation: {'macroPrec': 0.591429587524662, 'microPrec': 0.9307796266576569, 'weightPrec': 0.954040338452611, 'macroRec': 0.7861003187692859, 'microRec': 0.9307796266576569, 'weightRec': 0.9307796266576569, 'macroF1': 0.6321085101324957, 'microF1': 0.9307796266576569, 'weightF1': 0.9395440742723872, 'subsetAcc': 0.9307796266576569, 'IoU': 0.5267077050482751, 'classIoU': [0.26102437688304575, 0.8337617823479005, 0.17828987265009097, 0.04912280701754386, 0.5261467889908257, 0.7594272076372315, 0.6800726612170754, 0.985941863417111, 0.4410958904109589, 0.8822044381611168, 0.1966970667981267], 'confusionMatrix': [[953, 0, 0, 47, 9, 0, 57, 0, 9, 0, 0], [0, 973, 193, 1, 0, 0, 0, 0, 0, 0, 0], [32, 0, 294, 35, 0, 0, 24, 0, 0, 0, 0], [77, 0, 0, 14, 0, 0, 0, 0, 1, 0, 0], [117, 0, 0, 46, 1147, 8, 2, 0, 16, 0, 4], [280, 0, 2, 14, 398, 15910, 2180, 315, 53, 66, 44], [1295, 0, 1061, 48, 416, 1583, 18719, 0, 122, 973, 53], [618, 0, 0, 2, 0, 0, 586, 124276, 77, 6, 0], [34, 0, 0, 0, 5, 1, 5, 2, 322, 0, 0], [123, 0, 8, 0, 12, 1, 314, 166, 52, 34945, 2945], [0, 0, 0, 0, 0, 95, 87, 0, 31, 0, 798]]}
root - INFO - New best marine debris model saved with IoU: 0.26102437688304575
root - INFO - New best overall model saved with IoU: 0.5267077050482751
root - INFO - Model for epoch 22 saved to C:\Users\karth\Downloads\Projects\Mini_Project\MDD2\Marine_Debris_Detection\semantic_segmentation\unet\trained_models\22
root - INFO - Class-Specific IoU: [0.26102437688304575, 0.8337617823479005, 0.17828987265009097, 0.04912280701754386, 0.5261467889908257, 0.7594272076372315, 0.6800726612170754, 0.985941863417111, 0.4410958904109589, 0.8822044381611168, 0.1966970667981267]
root - INFO - Confusion Matrix:
[[   953      0      0     47      9      0     57      0      9      0
       0]
 [     0    973    193      1      0      0      0      0      0      0
       0]
 [    32      0    294     35      0      0     24      0      0      0
       0]
 [    77      0      0     14      0      0      0      0      1      0
       0]
 [   117      0      0     46   1147      8      2      0     16      0
       4]
 [   280      0      2     14    398  15910   2180    315     53     66
      44]
 [  1295      0   1061     48    416   1583  18719      0    122    973
      53]
 [   618      0      0      2      0      0    586 124276     77      6
       0]
 [    34      0      0      0      5      1      5      2    322      0
       0]
 [   123      0      8      0     12      1    314    166     52  34945
    2945]
 [     0      0      0      0      0     95     87      0     31      0
     798]]
root - INFO - Training loss was: 1.5729947534131383
root - INFO - 

root - INFO - Test loss was: 1.3911534916663053
root - INFO - STATISTICS AFTER EPOCH 23: 

root - INFO - Evaluation: {'macroPrec': 0.5846616184072708, 'microPrec': 0.9222062674212349, 'weightPrec': 0.9457472076288449, 'macroRec': 0.7736015304573503, 'microRec': 0.9222062674212349, 'weightRec': 0.9222062674212349, 'macroF1': 0.6228430485416254, 'microF1': 0.9222062674212349, 'weightF1': 0.9306369581232431, 'subsetAcc': 0.9222062674212349, 'IoU': 0.5068684124773651, 'classIoU': [0.30987261146496814, 0.7240788346186804, 0.39298669891172916, 0.05755395683453238, 0.42903575297941493, 0.7230330728782741, 0.6562120949575464, 0.9791801954479941, 0.27246925260170296, 0.861980198019802, 0.1691498685363716], 'confusionMatrix': [[973, 0, 1, 22, 50, 0, 14, 0, 15, 0, 0], [0, 845, 322, 0, 0, 0, 0, 0, 0, 0, 0], [33, 0, 325, 18, 0, 0, 9, 0, 0, 0, 0], [75, 0, 0, 16, 0, 0, 0, 0, 1, 0, 0], [83, 0, 0, 34, 1188, 1, 5, 0, 28, 0, 1], [374, 0, 9, 26, 721, 14713, 2869, 7, 55, 75, 413], [1051, 0, 98, 45, 588, 1051, 18935, 405, 428, 1576, 93], [405, 0, 8, 40, 0, 0, 1238, 123645, 99, 130, 0], [24, 0, 0, 0, 51, 0, 5, 1, 288, 0, 0], [20, 0, 4, 1, 19, 2, 324, 296, 30, 34824, 3046], [0, 0, 0, 0, 0, 33, 121, 0, 32, 53, 772]]}
root - INFO - New best marine debris model saved with IoU: 0.30987261146496814
root - INFO - Model for epoch 23 saved to C:\Users\karth\Downloads\Projects\Mini_Project\MDD2\Marine_Debris_Detection\semantic_segmentation\unet\trained_models\23
root - INFO - Class-Specific IoU: [0.30987261146496814, 0.7240788346186804, 0.39298669891172916, 0.05755395683453238, 0.42903575297941493, 0.7230330728782741, 0.6562120949575464, 0.9791801954479941, 0.27246925260170296, 0.861980198019802, 0.1691498685363716]
root - INFO - Confusion Matrix:
[[   973      0      1     22     50      0     14      0     15      0
       0]
 [     0    845    322      0      0      0      0      0      0      0
       0]
 [    33      0    325     18      0      0      9      0      0      0
       0]
 [    75      0      0     16      0      0      0      0      1      0
       0]
 [    83      0      0     34   1188      1      5      0     28      0
       1]
 [   374      0      9     26    721  14713   2869      7     55     75
     413]
 [  1051      0     98     45    588   1051  18935    405    428   1576
      93]
 [   405      0      8     40      0      0   1238 123645     99    130
       0]
 [    24      0      0      0     51      0      5      1    288      0
       0]
 [    20      0      4      1     19      2    324    296     30  34824
    3046]
 [     0      0      0      0      0     33    121      0     32     53
     772]]
root - INFO - Training loss was: 1.579947314670854
root - INFO - 

root - INFO - Test loss was: 1.3543142665696881
root - INFO - STATISTICS AFTER EPOCH 24: 

root - INFO - Evaluation: {'macroPrec': 0.575449616727414, 'microPrec': 0.894060121444191, 'weightPrec': 0.9165296551669427, 'macroRec': 0.7041566086761993, 'microRec': 0.894060121444191, 'weightRec': 0.894060121444191, 'macroF1': 0.5880764243705051, 'microF1': 0.894060121444191, 'weightF1': 0.8964694344691747, 'subsetAcc': 0.894060121444191, 'IoU': 0.47102898213228744, 'classIoU': [0.13978185993111367, 0.7806341045415596, 0.2476832350463353, 0.12777777777777777, 0.42901128977078345, 0.7385798513201743, 0.3478997993218462, 0.9878997269477857, 0.17360114777618366, 0.8045332423557507, 0.4039167686658507], 'confusionMatrix': [[974, 0, 0, 10, 60, 0, 22, 0, 9, 0, 0], [0, 911, 254, 2, 0, 0, 0, 0, 0, 0, 0], [54, 0, 294, 22, 0, 0, 15, 0, 0, 0, 0], [68, 0, 0, 23, 0, 0, 1, 0, 0, 0, 0], [56, 0, 0, 11, 1254, 0, 3, 0, 12, 4, 0], [346, 0, 7, 9, 637, 14406, 3547, 47, 29, 135, 99], [4646, 0, 536, 11, 656, 234, 10055, 0, 199, 7925, 8], [590, 0, 5, 23, 6, 0, 808, 124097, 20, 16, 0], [38, 0, 0, 0, 196, 1, 9, 0, 121, 4, 0], [95, 0, 0, 0, 28, 0, 136, 5, 55, 37731, 516], [0, 0, 0, 0, 0, 8, 91, 0, 4, 248, 660]]}
root - INFO - Model for epoch 24 saved to C:\Users\karth\Downloads\Projects\Mini_Project\MDD2\Marine_Debris_Detection\semantic_segmentation\unet\trained_models\24
root - INFO - Class-Specific IoU: [0.13978185993111367, 0.7806341045415596, 0.2476832350463353, 0.12777777777777777, 0.42901128977078345, 0.7385798513201743, 0.3478997993218462, 0.9878997269477857, 0.17360114777618366, 0.8045332423557507, 0.4039167686658507]
root - INFO - Confusion Matrix:
[[   974      0      0     10     60      0     22      0      9      0
       0]
 [     0    911    254      2      0      0      0      0      0      0
       0]
 [    54      0    294     22      0      0     15      0      0      0
       0]
 [    68      0      0     23      0      0      1      0      0      0
       0]
 [    56      0      0     11   1254      0      3      0     12      4
       0]
 [   346      0      7      9    637  14406   3547     47     29    135
      99]
 [  4646      0    536     11    656    234  10055      0    199   7925
       8]
 [   590      0      5     23      6      0    808 124097     20     16
       0]
 [    38      0      0      0    196      1      9      0    121      4
       0]
 [    95      0      0      0     28      0    136      5     55  37731
     516]
 [     0      0      0      0      0      8     91      0      4    248
     660]]
root - INFO - Training loss was: 1.598517629021373
root - INFO - 

root - INFO - Test loss was: 1.3805838487958095
root - INFO - STATISTICS AFTER EPOCH 25: 

root - INFO - Evaluation: {'macroPrec': 0.6194928044733827, 'microPrec': 0.922544133795084, 'weightPrec': 0.9499989388868545, 'macroRec': 0.8070906937548444, 'microRec': 0.922544133795084, 'weightRec': 0.922544133795084, 'macroF1': 0.6562770815511617, 'microF1': 0.922544133795084, 'weightF1': 0.9326181534472804, 'subsetAcc': 0.922544133795084, 'IoU': 0.544189728961534, 'classIoU': [0.20119809956620532, 0.8487179487179487, 0.48534201954397393, 0.125, 0.5534838076545633, 0.813402571711177, 0.617611580217129, 0.9862033277605287, 0.3388773388773389, 0.8342301225078068, 0.18202020202020203], 'confusionMatrix': [[974, 0, 0, 10, 28, 0, 33, 0, 30, 0, 0], [1, 993, 169, 4, 0, 0, 0, 0, 0, 0, 0], [42, 3, 298, 24, 0, 0, 18, 0, 0, 0, 0], [62, 0, 0, 27, 0, 0, 1, 0, 2, 0, 0], [103, 0, 0, 41, 1128, 12, 3, 0, 49, 0, 4], [388, 0, 7, 12, 225, 16447, 1821, 0, 62, 73, 227], [2353, 0, 43, 16, 418, 939, 16896, 45, 375, 2962, 223], [670, 0, 6, 15, 0, 0, 961, 123877, 36, 0, 0], [28, 0, 0, 0, 9, 1, 3, 0, 326, 0, 2], [119, 0, 4, 2, 18, 0, 194, 0, 17, 34729, 3483], [0, 0, 0, 0, 0, 6, 53, 0, 22, 29, 901]]}
root - INFO - New best overall model saved with IoU: 0.544189728961534
root - INFO - Model for epoch 25 saved to C:\Users\karth\Downloads\Projects\Mini_Project\MDD2\Marine_Debris_Detection\semantic_segmentation\unet\trained_models\25
root - INFO - Class-Specific IoU: [0.20119809956620532, 0.8487179487179487, 0.48534201954397393, 0.125, 0.5534838076545633, 0.813402571711177, 0.617611580217129, 0.9862033277605287, 0.3388773388773389, 0.8342301225078068, 0.18202020202020203]
root - INFO - Confusion Matrix:
[[   974      0      0     10     28      0     33      0     30      0
       0]
 [     1    993    169      4      0      0      0      0      0      0
       0]
 [    42      3    298     24      0      0     18      0      0      0
       0]
 [    62      0      0     27      0      0      1      0      2      0
       0]
 [   103      0      0     41   1128     12      3      0     49      0
       4]
 [   388      0      7     12    225  16447   1821      0     62     73
     227]
 [  2353      0     43     16    418    939  16896     45    375   2962
     223]
 [   670      0      6     15      0      0    961 123877     36      0
       0]
 [    28      0      0      0      9      1      3      0    326      0
       2]
 [   119      0      4      2     18      0    194      0     17  34729
    3483]
 [     0      0      0      0      0      6     53      0     22     29
     901]]
root - INFO - Training loss was: 1.5324481918825117
root - INFO - 

root - INFO - Test loss was: 1.3000671694326176
root - INFO - STATISTICS AFTER EPOCH 26: 

root - INFO - Evaluation: {'macroPrec': 0.6556255177214537, 'microPrec': 0.9111552214432526, 'weightPrec': 0.9142116635753734, 'macroRec': 0.735293787306862, 'microRec': 0.9111552214432526, 'weightRec': 0.9111552214432526, 'macroF1': 0.6616259252096306, 'microF1': 0.9111552214432526, 'weightF1': 0.9086703138913627, 'subsetAcc': 0.9111552214432526, 'IoU': 0.5377222790058603, 'classIoU': [0.3058637083993661, 0.6383890317052271, 0.22055137844611528, 0.11610486891385768, 0.5775814467145224, 0.8050404419017557, 0.4661955827000923, 0.9331549593005728, 0.5408163265306123, 0.893336876691148, 0.417910447761194], 'confusionMatrix': [[965, 0, 0, 31, 23, 0, 52, 0, 4, 0, 0], [0, 745, 411, 9, 0, 0, 2, 0, 0, 0, 0], [61, 0, 264, 17, 0, 0, 43, 0, 0, 0, 0], [60, 0, 0, 31, 0, 0, 0, 0, 1, 0, 0], [146, 0, 0, 75, 1046, 16, 14, 0, 39, 4, 0], [209, 0, 0, 9, 146, 16323, 2267, 35, 6, 164, 103], [657, 0, 401, 33, 275, 978, 13129, 6284, 113, 2377, 23], [765, 0, 0, 0, 0, 0, 973, 123811, 16, 0, 0], [29, 0, 0, 0, 7, 1, 7, 2, 318, 4, 1], [152, 0, 0, 1, 20, 0, 417, 794, 3, 36977, 202], [1, 0, 0, 0, 0, 19, 117, 0, 37, 277, 560]]}
root - INFO - Model for epoch 26 saved to C:\Users\karth\Downloads\Projects\Mini_Project\MDD2\Marine_Debris_Detection\semantic_segmentation\unet\trained_models\26
root - INFO - Class-Specific IoU: [0.3058637083993661, 0.6383890317052271, 0.22055137844611528, 0.11610486891385768, 0.5775814467145224, 0.8050404419017557, 0.4661955827000923, 0.9331549593005728, 0.5408163265306123, 0.893336876691148, 0.417910447761194]
root - INFO - Confusion Matrix:
[[   965      0      0     31     23      0     52      0      4      0
       0]
 [     0    745    411      9      0      0      2      0      0      0
       0]
 [    61      0    264     17      0      0     43      0      0      0
       0]
 [    60      0      0     31      0      0      0      0      1      0
       0]
 [   146      0      0     75   1046     16     14      0     39      4
       0]
 [   209      0      0      9    146  16323   2267     35      6    164
     103]
 [   657      0    401     33    275    978  13129   6284    113   2377
      23]
 [   765      0      0      0      0      0    973 123811     16      0
       0]
 [    29      0      0      0      7      1      7      2    318      4
       1]
 [   152      0      0      1     20      0    417    794      3  36977
     202]
 [     1      0      0      0      0     19    117      0     37    277
     560]]
root - INFO - Training loss was: 1.4746811993739237
root - INFO - 

root - INFO - Test loss was: 1.262483275016894
root - INFO - STATISTICS AFTER EPOCH 27: 

root - INFO - Evaluation: {'macroPrec': 0.6573057314675075, 'microPrec': 0.929611172114762, 'weightPrec': 0.9436029745583442, 'macroRec': 0.8203358668117545, 'microRec': 0.929611172114762, 'weightRec': 0.929611172114762, 'macroF1': 0.7010677318620252, 'microF1': 0.929611172114762, 'weightF1': 0.9337917185970067, 'subsetAcc': 0.929611172114762, 'IoU': 0.5831376283524792, 'classIoU': [0.4337733272644515, 0.8280581693755347, 0.47545582047685836, 0.15568862275449102, 0.5993117010816126, 0.824959326251316, 0.6295301011458216, 0.983312477229887, 0.4630681818181818, 0.8203871027993743, 0.2009690816797416], 'confusionMatrix': [[953, 0, 0, 7, 63, 0, 52, 0, 0, 0, 0], [0, 968, 198, 1, 0, 0, 0, 0, 0, 0, 0], [19, 0, 339, 15, 0, 0, 12, 0, 0, 0, 0], [66, 0, 0, 26, 0, 0, 0, 0, 0, 0, 0], [61, 0, 0, 33, 1219, 12, 4, 0, 7, 0, 4], [89, 0, 1, 3, 235, 17240, 1285, 60, 15, 109, 225], [403, 0, 121, 16, 369, 1553, 16867, 571, 89, 4116, 165], [282, 2, 2, 0, 0, 0, 933, 124155, 178, 13, 0], [20, 0, 0, 0, 3, 0, 7, 0, 326, 2, 11], [182, 0, 6, 0, 24, 0, 189, 66, 43, 35138, 2918], [0, 0, 0, 0, 0, 71, 41, 0, 3, 25, 871]]}
root - INFO - New best marine debris model saved with IoU: 0.4337733272644515
root - INFO - New best overall model saved with IoU: 0.5831376283524792
root - INFO - Model for epoch 27 saved to C:\Users\karth\Downloads\Projects\Mini_Project\MDD2\Marine_Debris_Detection\semantic_segmentation\unet\trained_models\27
root - INFO - Class-Specific IoU: [0.4337733272644515, 0.8280581693755347, 0.47545582047685836, 0.15568862275449102, 0.5993117010816126, 0.824959326251316, 0.6295301011458216, 0.983312477229887, 0.4630681818181818, 0.8203871027993743, 0.2009690816797416]
root - INFO - Confusion Matrix:
[[   953      0      0      7     63      0     52      0      0      0
       0]
 [     0    968    198      1      0      0      0      0      0      0
       0]
 [    19      0    339     15      0      0     12      0      0      0
       0]
 [    66      0      0     26      0      0      0      0      0      0
       0]
 [    61      0      0     33   1219     12      4      0      7      0
       4]
 [    89      0      1      3    235  17240   1285     60     15    109
     225]
 [   403      0    121     16    369   1553  16867    571     89   4116
     165]
 [   282      2      2      0      0      0    933 124155    178     13
       0]
 [    20      0      0      0      3      0      7      0    326      2
      11]
 [   182      0      6      0     24      0    189     66     43  35138
    2918]
 [     0      0      0      0      0     71     41      0      3     25
     871]]
root - INFO - Training loss was: 1.464865191910742
root - INFO - 

root - INFO - Test loss was: 1.2792588245126806
root - INFO - STATISTICS AFTER EPOCH 28: 

root - INFO - Evaluation: {'macroPrec': 0.642273337285027, 'microPrec': 0.9377950465035523, 'weightPrec': 0.9575235600886249, 'macroRec': 0.8197932222755907, 'microRec': 0.9377950465035523, 'weightRec': 0.9377950465035523, 'macroF1': 0.6860165696831285, 'microF1': 0.9377950465035523, 'weightF1': 0.9453625623713495, 'subsetAcc': 0.9377950465035523, 'IoU': 0.57288304143377, 'classIoU': [0.4286979627989371, 0.805484147386461, 0.44327176781002636, 0.12345679012345678, 0.585213634181469, 0.7999425122161541, 0.7261141884797799, 0.9837455324094343, 0.351508120649652, 0.872836719337848, 0.1814420803782506], 'confusionMatrix': [[968, 0, 0, 2, 62, 0, 30, 0, 13, 0, 0], [1, 940, 222, 4, 0, 0, 0, 0, 0, 0, 0], [20, 0, 336, 9, 0, 0, 20, 0, 0, 0, 0], [69, 0, 0, 20, 0, 0, 1, 0, 2, 0, 0], [67, 0, 0, 26, 1219, 2, 3, 0, 18, 0, 5], [85, 0, 4, 1, 204, 16698, 1905, 38, 18, 105, 204], [428, 0, 117, 8, 419, 1571, 20056, 1, 147, 860, 663], [464, 0, 25, 18, 0, 0, 1061, 123585, 86, 326, 0], [30, 0, 0, 0, 30, 0, 6, 0, 303, 0, 0], [19, 0, 3, 2, 28, 0, 289, 23, 209, 34800, 3193], [0, 0, 2, 0, 0, 39, 36, 0, 0, 13, 921]]}
root - INFO - Model for epoch 28 saved to C:\Users\karth\Downloads\Projects\Mini_Project\MDD2\Marine_Debris_Detection\semantic_segmentation\unet\trained_models\28
root - INFO - Class-Specific IoU: [0.4286979627989371, 0.805484147386461, 0.44327176781002636, 0.12345679012345678, 0.585213634181469, 0.7999425122161541, 0.7261141884797799, 0.9837455324094343, 0.351508120649652, 0.872836719337848, 0.1814420803782506]
root - INFO - Confusion Matrix:
[[   968      0      0      2     62      0     30      0     13      0
       0]
 [     1    940    222      4      0      0      0      0      0      0
       0]
 [    20      0    336      9      0      0     20      0      0      0
       0]
 [    69      0      0     20      0      0      1      0      2      0
       0]
 [    67      0      0     26   1219      2      3      0     18      0
       5]
 [    85      0      4      1    204  16698   1905     38     18    105
     204]
 [   428      0    117      8    419   1571  20056      1    147    860
     663]
 [   464      0     25     18      0      0   1061 123585     86    326
       0]
 [    30      0      0      0     30      0      6      0    303      0
       0]
 [    19      0      3      2     28      0    289     23    209  34800
    3193]
 [     0      0      2      0      0     39     36      0      0     13
     921]]
root - INFO - Training loss was: 1.457577090911581
root - INFO - 

root - INFO - Test loss was: 1.3012685772087171
root - INFO - STATISTICS AFTER EPOCH 29: 

root - INFO - Evaluation: {'macroPrec': 0.6560674341818956, 'microPrec': 0.9388743418644593, 'weightPrec': 0.9594671819229853, 'macroRec': 0.8187882192588298, 'microRec': 0.9388743418644593, 'weightRec': 0.9388743418644593, 'macroF1': 0.6882720338060384, 'microF1': 0.9388743418644593, 'weightF1': 0.9462597880158905, 'subsetAcc': 0.9388743418644593, 'IoU': 0.5711799182603104, 'classIoU': [0.5805471124620061, 0.6923736075407027, 0.41800246609124536, 0.14285714285714285, 0.4993885038728088, 0.7905241935483871, 0.7545038705137227, 0.9839964365823006, 0.37513513513513513, 0.8670721329528959, 0.1785784993070679], 'confusionMatrix': [[955, 0, 1, 12, 61, 1, 44, 0, 1, 0, 0], [0, 808, 359, 0, 0, 0, 0, 0, 0, 0, 0], [11, 0, 339, 0, 0, 0, 35, 0, 0, 0, 0], [69, 0, 3, 20, 0, 0, 0, 0, 0, 0, 0], [74, 0, 0, 19, 1225, 1, 7, 0, 10, 0, 4], [80, 0, 1, 0, 492, 15684, 2316, 67, 107, 56, 459], [260, 0, 56, 16, 536, 563, 21443, 11, 63, 1249, 73], [53, 0, 4, 0, 0, 0, 1407, 123710, 345, 46, 0], [17, 0, 0, 0, 3, 0, 2, 0, 347, 0, 0], [6, 0, 2, 1, 21, 0, 292, 79, 18, 34643, 3504], [0, 0, 0, 0, 0, 13, 47, 0, 12, 37, 902]]}
root - INFO - New best marine debris model saved with IoU: 0.5805471124620061
root - INFO - Model for epoch 29 saved to C:\Users\karth\Downloads\Projects\Mini_Project\MDD2\Marine_Debris_Detection\semantic_segmentation\unet\trained_models\29
root - INFO - Class-Specific IoU: [0.5805471124620061, 0.6923736075407027, 0.41800246609124536, 0.14285714285714285, 0.4993885038728088, 0.7905241935483871, 0.7545038705137227, 0.9839964365823006, 0.37513513513513513, 0.8670721329528959, 0.1785784993070679]
root - INFO - Confusion Matrix:
[[   955      0      1     12     61      1     44      0      1      0
       0]
 [     0    808    359      0      0      0      0      0      0      0
       0]
 [    11      0    339      0      0      0     35      0      0      0
       0]
 [    69      0      3     20      0      0      0      0      0      0
       0]
 [    74      0      0     19   1225      1      7      0     10      0
       4]
 [    80      0      1      0    492  15684   2316     67    107     56
     459]
 [   260      0     56     16    536    563  21443     11     63   1249
      73]
 [    53      0      4      0      0      0   1407 123710    345     46
       0]
 [    17      0      0      0      3      0      2      0    347      0
       0]
 [     6      0      2      1     21      0    292     79     18  34643
    3504]
 [     0      0      0      0      0     13     47      0     12     37
     902]]
root - INFO - Training loss was: 1.435618718243178
root - INFO - 

root - INFO - Test loss was: 1.3613790726858814
root - INFO - STATISTICS AFTER EPOCH 30: 

root - INFO - Evaluation: {'macroPrec': 0.6376999739004466, 'microPrec': 0.9029572692888851, 'weightPrec': 0.9165893168228485, 'macroRec': 0.7807641865738062, 'microRec': 0.9029572692888851, 'weightRec': 0.9029572692888851, 'macroF1': 0.6666626499330071, 'microF1': 0.9029572692888851, 'weightF1': 0.9053376396501603, 'subsetAcc': 0.9029572692888851, 'IoU': 0.5400526272392213, 'classIoU': [0.4326584507042254, 0.8011996572407883, 0.4588938714499253, 0.20300751879699247, 0.5563347358578775, 0.7734583127775037, 0.47127854524950663, 0.9731224178827816, 0.34782608695652173, 0.7610962363133721, 0.16170306640194132], 'confusionMatrix': [[983, 0, 0, 13, 43, 0, 30, 0, 6, 0, 0], [0, 935, 231, 1, 0, 0, 0, 0, 0, 0, 0], [46, 0, 307, 9, 0, 0, 23, 0, 0, 0, 0], [62, 0, 1, 27, 0, 0, 1, 0, 1, 0, 0], [90, 0, 0, 3, 1190, 2, 7, 0, 44, 0, 4], [87, 0, 4, 0, 258, 15678, 2721, 0, 13, 63, 438], [316, 0, 40, 13, 477, 923, 13373, 1724, 172, 7179, 53], [567, 0, 7, 1, 0, 8, 731, 123896, 343, 12, 0], [25, 0, 0, 0, 0, 0, 5, 0, 336, 2, 1], [4, 0, 1, 1, 21, 0, 509, 29, 11, 34964, 3026], [0, 0, 0, 0, 0, 75, 79, 0, 7, 117, 733]]}
root - INFO - Model for epoch 30 saved to C:\Users\karth\Downloads\Projects\Mini_Project\MDD2\Marine_Debris_Detection\semantic_segmentation\unet\trained_models\30
root - INFO - Class-Specific IoU: [0.4326584507042254, 0.8011996572407883, 0.4588938714499253, 0.20300751879699247, 0.5563347358578775, 0.7734583127775037, 0.47127854524950663, 0.9731224178827816, 0.34782608695652173, 0.7610962363133721, 0.16170306640194132]
root - INFO - Confusion Matrix:
[[   983      0      0     13     43      0     30      0      6      0
       0]
 [     0    935    231      1      0      0      0      0      0      0
       0]
 [    46      0    307      9      0      0     23      0      0      0
       0]
 [    62      0      1     27      0      0      1      0      1      0
       0]
 [    90      0      0      3   1190      2      7      0     44      0
       4]
 [    87      0      4      0    258  15678   2721      0     13     63
     438]
 [   316      0     40     13    477    923  13373   1724    172   7179
      53]
 [   567      0      7      1      0      8    731 123896    343     12
       0]
 [    25      0      0      0      0      0      5      0    336      2
       1]
 [     4      0      1      1     21      0    509     29     11  34964
    3026]
 [     0      0      0      0      0     75     79      0      7    117
     733]]
root - INFO - Training loss was: 1.4307259345631804
root - INFO - 

root - INFO - Test loss was: 1.3302114111332364
root - INFO - STATISTICS AFTER EPOCH 31: 

root - INFO - Evaluation: {'macroPrec': 0.6849606783385267, 'microPrec': 0.944022111477133, 'weightPrec': 0.9630321132205045, 'macroRec': 0.8460476021681153, 'microRec': 0.944022111477133, 'weightRec': 0.944022111477133, 'macroF1': 0.72869062030618, 'microF1': 0.944022111477133, 'weightF1': 0.9511299730421418, 'subsetAcc': 0.944022111477133, 'IoU': 0.6187630034883774, 'classIoU': [0.5478567234292425, 0.8500428449014568, 0.4666666666666667, 0.20588235294117646, 0.6674033149171271, 0.8026596536495807, 0.7700672684814053, 0.984873093213592, 0.46196403872752423, 0.8798346770078579, 0.1691424044365221], 'confusionMatrix': [[933, 0, 4, 22, 47, 0, 69, 0, 0, 0, 0], [0, 992, 173, 2, 0, 0, 0, 0, 0, 0, 0], [8, 0, 357, 9, 0, 0, 11, 0, 0, 0, 0], [54, 0, 2, 35, 0, 0, 1, 0, 0, 0, 0], [74, 0, 0, 24, 1208, 5, 17, 0, 9, 0, 3], [51, 0, 5, 3, 96, 16176, 2417, 1, 18, 64, 431], [219, 0, 122, 17, 303, 869, 22094, 0, 45, 467, 134], [201, 0, 70, 1, 0, 0, 1321, 123704, 268, 0, 0], [17, 0, 0, 0, 2, 0, 5, 0, 334, 4, 7], [4, 0, 4, 0, 22, 4, 538, 38, 7, 34486, 3463], [0, 0, 0, 0, 0, 13, 42, 0, 7, 95, 854]]}
root - INFO - New best overall model saved with IoU: 0.6187630034883774
root - INFO - Model for epoch 31 saved to C:\Users\karth\Downloads\Projects\Mini_Project\MDD2\Marine_Debris_Detection\semantic_segmentation\unet\trained_models\31
root - INFO - Class-Specific IoU: [0.5478567234292425, 0.8500428449014568, 0.4666666666666667, 0.20588235294117646, 0.6674033149171271, 0.8026596536495807, 0.7700672684814053, 0.984873093213592, 0.46196403872752423, 0.8798346770078579, 0.1691424044365221]
root - INFO - Confusion Matrix:
[[   933      0      4     22     47      0     69      0      0      0
       0]
 [     0    992    173      2      0      0      0      0      0      0
       0]
 [     8      0    357      9      0      0     11      0      0      0
       0]
 [    54      0      2     35      0      0      1      0      0      0
       0]
 [    74      0      0     24   1208      5     17      0      9      0
       3]
 [    51      0      5      3     96  16176   2417      1     18     64
     431]
 [   219      0    122     17    303    869  22094      0     45    467
     134]
 [   201      0     70      1      0      0   1321 123704    268      0
       0]
 [    17      0      0      0      2      0      5      0    334      4
       7]
 [     4      0      4      0     22      4    538     38      7  34486
    3463]
 [     0      0      0      0      0     13     42      0      7     95
     854]]
root - INFO - Training loss was: 1.3997988021573542
root - INFO - 

root - INFO - Test loss was: 1.229426402991773
root - INFO - STATISTICS AFTER EPOCH 32: 

root - INFO - Evaluation: {'macroPrec': 0.6736683812932934, 'microPrec': 0.9338720424960817, 'weightPrec': 0.9506882648587285, 'macroRec': 0.8339969773685943, 'microRec': 0.9338720424960817, 'weightRec': 0.9338720424960817, 'macroF1': 0.7070976517604725, 'microF1': 0.9338720424960817, 'weightF1': 0.9399930441675273, 'subsetAcc': 0.9338720424960817, 'IoU': 0.588598295388999, 'classIoU': [0.5162534435261708, 0.8174807197943444, 0.45161290322580644, 0.27419354838709675, 0.624113475177305, 0.803512243383626, 0.6798776045461169, 0.9882124465739687, 0.3022222222222222, 0.8356297578675267, 0.18147288457480482], 'confusionMatrix': [[937, 0, 2, 2, 66, 0, 55, 0, 13, 0, 0], [0, 954, 213, 0, 0, 0, 0, 0, 0, 0, 0], [8, 0, 350, 7, 0, 0, 20, 0, 0, 0, 0], [56, 0, 0, 34, 0, 0, 1, 0, 1, 0, 0], [66, 0, 0, 12, 1232, 3, 12, 0, 11, 4, 0], [71, 0, 0, 0, 143, 16243, 2161, 11, 23, 75, 535], [315, 0, 168, 11, 392, 901, 18664, 12, 100, 3443, 264], [205, 0, 7, 0, 0, 0, 611, 124160, 582, 0, 0], [16, 0, 0, 0, 3, 1, 7, 0, 340, 1, 1], [2, 0, 0, 0, 30, 0, 292, 53, 25, 35236, 2928], [1, 0, 0, 0, 0, 48, 23, 0, 1, 78, 860]]}
root - INFO - Model for epoch 32 saved to C:\Users\karth\Downloads\Projects\Mini_Project\MDD2\Marine_Debris_Detection\semantic_segmentation\unet\trained_models\32
root - INFO - Class-Specific IoU: [0.5162534435261708, 0.8174807197943444, 0.45161290322580644, 0.27419354838709675, 0.624113475177305, 0.803512243383626, 0.6798776045461169, 0.9882124465739687, 0.3022222222222222, 0.8356297578675267, 0.18147288457480482]
root - INFO - Confusion Matrix:
[[   937      0      2      2     66      0     55      0     13      0
       0]
 [     0    954    213      0      0      0      0      0      0      0
       0]
 [     8      0    350      7      0      0     20      0      0      0
       0]
 [    56      0      0     34      0      0      1      0      1      0
       0]
 [    66      0      0     12   1232      3     12      0     11      4
       0]
 [    71      0      0      0    143  16243   2161     11     23     75
     535]
 [   315      0    168     11    392    901  18664     12    100   3443
     264]
 [   205      0      7      0      0      0    611 124160    582      0
       0]
 [    16      0      0      0      3      1      7      0    340      1
       1]
 [     2      0      0      0     30      0    292     53     25  35236
    2928]
 [     1      0      0      0      0     48     23      0      1     78
     860]]
root - INFO - Training loss was: 1.3373276128449254
root - INFO - 

root - INFO - Test loss was: 1.3099562483788603
root - INFO - STATISTICS AFTER EPOCH 33: 

root - INFO - Evaluation: {'macroPrec': 0.7127857428083614, 'microPrec': 0.9543270358795318, 'weightPrec': 0.9584805870048446, 'macroRec': 0.8031644705471112, 'microRec': 0.9543270358795318, 'weightRec': 0.9543270358795318, 'macroF1': 0.7444651725556247, 'microF1': 0.9543270358795318, 'weightF1': 0.9553519625119418, 'subsetAcc': 0.9543270358795318, 'IoU': 0.6334472425063861, 'classIoU': [0.528374655647383, 0.7532133676092545, 0.46888567293777134, 0.08839779005524862, 0.6409414340448824, 0.7938745019920319, 0.7345129679005505, 0.9851279521293526, 0.543801652892562, 0.9403480111878418, 0.4904416611733685], 'confusionMatrix': [[959, 0, 1, 17, 41, 0, 53, 0, 4, 0, 0], [0, 879, 288, 0, 0, 0, 0, 0, 0, 0, 0], [32, 0, 324, 7, 0, 0, 22, 0, 0, 0, 0], [76, 0, 0, 16, 0, 0, 0, 0, 0, 0, 0], [70, 0, 0, 53, 1171, 0, 17, 0, 25, 4, 0], [76, 0, 0, 0, 100, 15941, 2849, 92, 1, 81, 122], [285, 0, 9, 10, 319, 782, 21212, 0, 54, 1493, 106], [178, 0, 8, 2, 0, 0, 1376, 123803, 150, 48, 0], [20, 0, 0, 0, 5, 0, 11, 0, 329, 4, 0], [3, 0, 0, 0, 22, 0, 255, 15, 2, 37991, 278], [0, 0, 0, 0, 0, 36, 26, 0, 0, 205, 744]]}
root - INFO - New best overall model saved with IoU: 0.6334472425063861
root - INFO - Model for epoch 33 saved to C:\Users\karth\Downloads\Projects\Mini_Project\MDD2\Marine_Debris_Detection\semantic_segmentation\unet\trained_models\33
root - INFO - Class-Specific IoU: [0.528374655647383, 0.7532133676092545, 0.46888567293777134, 0.08839779005524862, 0.6409414340448824, 0.7938745019920319, 0.7345129679005505, 0.9851279521293526, 0.543801652892562, 0.9403480111878418, 0.4904416611733685]
root - INFO - Confusion Matrix:
[[   959      0      1     17     41      0     53      0      4      0
       0]
 [     0    879    288      0      0      0      0      0      0      0
       0]
 [    32      0    324      7      0      0     22      0      0      0
       0]
 [    76      0      0     16      0      0      0      0      0      0
       0]
 [    70      0      0     53   1171      0     17      0     25      4
       0]
 [    76      0      0      0    100  15941   2849     92      1     81
     122]
 [   285      0      9     10    319    782  21212      0     54   1493
     106]
 [   178      0      8      2      0      0   1376 123803    150     48
       0]
 [    20      0      0      0      5      0     11      0    329      4
       0]
 [     3      0      0      0     22      0    255     15      2  37991
     278]
 [     0      0      0      0      0     36     26      0      0    205
     744]]
root - INFO - Training loss was: 1.3614915946786408
root - INFO - 

root - INFO - Test loss was: 1.232375635494245
root - INFO - STATISTICS AFTER EPOCH 34: 

root - INFO - Evaluation: {'macroPrec': 0.7119467829077121, 'microPrec': 0.9510469165000798, 'weightPrec': 0.9549130919181255, 'macroRec': 0.8184257891013375, 'microRec': 0.9510469165000798, 'weightRec': 0.9510469165000798, 'macroF1': 0.7513559103322851, 'microF1': 0.9510469165000798, 'weightF1': 0.9520015777945864, 'subsetAcc': 0.9510469165000798, 'IoU': 0.642007569109018, 'classIoU': [0.5405405405405406, 0.841296928327645, 0.5332225913621262, 0.0931174089068826, 0.6259780907668232, 0.7865726487238057, 0.71125, 0.9849260206919568, 0.5564516129032258, 0.9261289927793416, 0.4625984251968504], 'confusionMatrix': [[980, 0, 0, 28, 36, 0, 29, 0, 2, 0, 0], [1, 986, 178, 2, 0, 0, 0, 0, 0, 0, 0], [23, 5, 321, 11, 0, 0, 25, 0, 0, 0, 0], [68, 0, 0, 23, 0, 0, 0, 0, 1, 0, 0], [71, 0, 0, 42, 1200, 1, 12, 0, 10, 4, 0], [84, 0, 0, 0, 126, 15840, 2884, 26, 26, 119, 157], [200, 0, 23, 8, 377, 778, 20484, 166, 91, 1990, 153], [274, 0, 16, 64, 0, 0, 1177, 123949, 81, 4, 0], [15, 0, 0, 0, 4, 0, 4, 0, 345, 0, 1], [2, 0, 0, 0, 34, 0, 372, 89, 30, 37837, 202], [0, 0, 0, 0, 0, 97, 27, 0, 10, 172, 705]]}
root - INFO - New best overall model saved with IoU: 0.642007569109018
root - INFO - Model for epoch 34 saved to C:\Users\karth\Downloads\Projects\Mini_Project\MDD2\Marine_Debris_Detection\semantic_segmentation\unet\trained_models\34
root - INFO - Class-Specific IoU: [0.5405405405405406, 0.841296928327645, 0.5332225913621262, 0.0931174089068826, 0.6259780907668232, 0.7865726487238057, 0.71125, 0.9849260206919568, 0.5564516129032258, 0.9261289927793416, 0.4625984251968504]
root - INFO - Confusion Matrix:
[[   980      0      0     28     36      0     29      0      2      0
       0]
 [     1    986    178      2      0      0      0      0      0      0
       0]
 [    23      5    321     11      0      0     25      0      0      0
       0]
 [    68      0      0     23      0      0      0      0      1      0
       0]
 [    71      0      0     42   1200      1     12      0     10      4
       0]
 [    84      0      0      0    126  15840   2884     26     26    119
     157]
 [   200      0     23      8    377    778  20484    166     91   1990
     153]
 [   274      0     16     64      0      0   1177 123949     81      4
       0]
 [    15      0      0      0      4      0      4      0    345      0
       1]
 [     2      0      0      0     34      0    372     89     30  37837
     202]
 [     0      0      0      0      0     97     27      0     10    172
     705]]
root - INFO - Training loss was: 1.3642037951524475
root - INFO - 

root - INFO - Test loss was: 1.330224525746021
root - INFO - STATISTICS AFTER EPOCH 35: 

root - INFO - Evaluation: {'macroPrec': 0.6524546224909762, 'microPrec': 0.9404275886664601, 'weightPrec': 0.9504472496759503, 'macroRec': 0.7503985294648349, 'microRec': 0.9404275886664601, 'weightRec': 0.9404275886664601, 'macroF1': 0.6729832495840177, 'microF1': 0.9404275886664601, 'weightF1': 0.943468421291353, 'subsetAcc': 0.9404275886664601, 'IoU': 0.5566536913745387, 'classIoU': [0.32280701754385965, 0.6409597257926307, 0.3574766355140187, 0.04142011834319527, 0.6217643951399895, 0.7563596381628267, 0.6716577540106952, 0.9812686656313463, 0.43211920529801323, 0.9288353767466901, 0.3685220729366603], 'confusionMatrix': [[920, 0, 3, 28, 23, 0, 97, 0, 4, 0, 0], [0, 748, 415, 2, 0, 0, 2, 0, 0, 0, 0], [29, 0, 306, 9, 0, 0, 41, 0, 0, 0, 0], [67, 0, 2, 21, 0, 0, 2, 0, 0, 0, 0], [110, 0, 0, 15, 1177, 0, 25, 0, 9, 4, 0], [104, 0, 0, 0, 143, 15134, 3539, 0, 0, 70, 272], [1165, 0, 23, 6, 336, 720, 20096, 0, 37, 1815, 72], [250, 0, 28, 355, 0, 11, 1481, 123213, 182, 45, 0], [47, 0, 0, 0, 34, 1, 17, 0, 261, 1, 8], [3, 0, 0, 0, 17, 8, 381, 0, 2, 37955, 200], [0, 0, 0, 0, 0, 7, 65, 0, 1, 362, 576]]}
root - INFO - Model for epoch 35 saved to C:\Users\karth\Downloads\Projects\Mini_Project\MDD2\Marine_Debris_Detection\semantic_segmentation\unet\trained_models\35
root - INFO - Class-Specific IoU: [0.32280701754385965, 0.6409597257926307, 0.3574766355140187, 0.04142011834319527, 0.6217643951399895, 0.7563596381628267, 0.6716577540106952, 0.9812686656313463, 0.43211920529801323, 0.9288353767466901, 0.3685220729366603]
root - INFO - Confusion Matrix:
[[   920      0      3     28     23      0     97      0      4      0
       0]
 [     0    748    415      2      0      0      2      0      0      0
       0]
 [    29      0    306      9      0      0     41      0      0      0
       0]
 [    67      0      2     21      0      0      2      0      0      0
       0]
 [   110      0      0     15   1177      0     25      0      9      4
       0]
 [   104      0      0      0    143  15134   3539      0      0     70
     272]
 [  1165      0     23      6    336    720  20096      0     37   1815
      72]
 [   250      0     28    355      0     11   1481 123213    182     45
       0]
 [    47      0      0      0     34      1     17      0    261      1
       8]
 [     3      0      0      0     17      8    381      0      2  37955
     200]
 [     0      0      0      0      0      7     65      0      1    362
     576]]
root - INFO - Training loss was: 1.347843676306016
root - INFO - 

root - INFO - Test loss was: 1.2193790512800278
root - INFO - STATISTICS AFTER EPOCH 36: 

root - INFO - Evaluation: {'macroPrec': 0.6700925573813553, 'microPrec': 0.942041839119295, 'weightPrec': 0.9612417672861197, 'macroRec': 0.8082360448998482, 'microRec': 0.942041839119295, 'weightRec': 0.942041839119295, 'macroF1': 0.7037019559122375, 'microF1': 0.942041839119295, 'weightF1': 0.9494836438652016, 'subsetAcc': 0.942041839119295, 'IoU': 0.601768440089571, 'classIoU': [0.4569202566452796, 0.8414738646101114, 0.5187074829931972, 0.04225352112676056, 0.6742382271468144, 0.8028770620581304, 0.7488930152835309, 0.987129177843401, 0.5054095826893354, 0.8760762529983588, 0.16547439759036145], 'confusionMatrix': [[997, 0, 0, 6, 20, 0, 50, 0, 2, 0, 0], [0, 982, 181, 4, 0, 0, 0, 0, 0, 0, 0], [30, 0, 305, 13, 0, 0, 37, 0, 0, 0, 0], [86, 0, 0, 6, 0, 0, 0, 0, 0, 0, 0], [64, 0, 0, 25, 1217, 5, 12, 0, 12, 0, 5], [49, 0, 0, 0, 88, 16353, 2312, 43, 0, 126, 291], [384, 0, 21, 2, 318, 1083, 20972, 0, 54, 793, 643], [484, 0, 1, 0, 0, 1, 871, 124016, 161, 31, 0], [8, 0, 0, 0, 19, 0, 3, 0, 327, 2, 10], [2, 0, 0, 0, 20, 0, 433, 25, 37, 34697, 3352], [0, 0, 0, 0, 0, 17, 16, 0, 12, 87, 879]]}
root - INFO - Model for epoch 36 saved to C:\Users\karth\Downloads\Projects\Mini_Project\MDD2\Marine_Debris_Detection\semantic_segmentation\unet\trained_models\36
root - INFO - Class-Specific IoU: [0.4569202566452796, 0.8414738646101114, 0.5187074829931972, 0.04225352112676056, 0.6742382271468144, 0.8028770620581304, 0.7488930152835309, 0.987129177843401, 0.5054095826893354, 0.8760762529983588, 0.16547439759036145]
root - INFO - Confusion Matrix:
[[   997      0      0      6     20      0     50      0      2      0
       0]
 [     0    982    181      4      0      0      0      0      0      0
       0]
 [    30      0    305     13      0      0     37      0      0      0
       0]
 [    86      0      0      6      0      0      0      0      0      0
       0]
 [    64      0      0     25   1217      5     12      0     12      0
       5]
 [    49      0      0      0     88  16353   2312     43      0    126
     291]
 [   384      0     21      2    318   1083  20972      0     54    793
     643]
 [   484      0      1      0      0      1    871 124016    161     31
       0]
 [     8      0      0      0     19      0      3      0    327      2
      10]
 [     2      0      0      0     20      0    433     25     37  34697
    3352]
 [     0      0      0      0      0     17     16      0     12     87
     879]]
root - INFO - Training loss was: 1.3388268039657194
root - INFO - 

root - INFO - Test loss was: 1.267557132064095
root - INFO - STATISTICS AFTER EPOCH 37: 

root - INFO - Evaluation: {'macroPrec': 0.6512766647783571, 'microPrec': 0.9433604564950118, 'weightPrec': 0.9581457218834111, 'macroRec': 0.8314461400346281, 'microRec': 0.9433604564950118, 'weightRec': 0.9433604564950118, 'macroF1': 0.7016523635848434, 'microF1': 0.9433604564950118, 'weightF1': 0.9483423919958442, 'subsetAcc': 0.9433604564950118, 'IoU': 0.5894351626270645, 'classIoU': [0.4636363636363636, 0.787852865697177, 0.48250728862973763, 0.06476683937823834, 0.5574989068648885, 0.7793620826709062, 0.741389913899139, 0.9811766954112223, 0.45516304347826086, 0.9027022927778761, 0.26773049645390073], 'confusionMatrix': [[918, 0, 0, 10, 65, 0, 74, 0, 8, 0, 0], [0, 921, 245, 1, 0, 0, 0, 0, 0, 0, 0], [15, 2, 331, 6, 0, 0, 31, 0, 0, 0, 0], [64, 0, 0, 25, 0, 0, 2, 0, 1, 0, 0], [39, 0, 0, 1, 1275, 0, 14, 0, 7, 0, 4], [93, 0, 0, 0, 376, 15687, 2723, 8, 4, 62, 309], [249, 0, 48, 14, 466, 802, 21699, 0, 66, 831, 95], [425, 0, 7, 262, 0, 0, 1287, 123225, 265, 94, 0], [18, 0, 0, 0, 7, 1, 6, 0, 335, 0, 2], [2, 0, 0, 0, 33, 0, 826, 16, 16, 35710, 1963], [0, 0, 1, 0, 0, 63, 35, 0, 0, 6, 906]]}
root - INFO - Model for epoch 37 saved to C:\Users\karth\Downloads\Projects\Mini_Project\MDD2\Marine_Debris_Detection\semantic_segmentation\unet\trained_models\37
root - INFO - Class-Specific IoU: [0.4636363636363636, 0.787852865697177, 0.48250728862973763, 0.06476683937823834, 0.5574989068648885, 0.7793620826709062, 0.741389913899139, 0.9811766954112223, 0.45516304347826086, 0.9027022927778761, 0.26773049645390073]
root - INFO - Confusion Matrix:
[[   918      0      0     10     65      0     74      0      8      0
       0]
 [     0    921    245      1      0      0      0      0      0      0
       0]
 [    15      2    331      6      0      0     31      0      0      0
       0]
 [    64      0      0     25      0      0      2      0      1      0
       0]
 [    39      0      0      1   1275      0     14      0      7      0
       4]
 [    93      0      0      0    376  15687   2723      8      4     62
     309]
 [   249      0     48     14    466    802  21699      0     66    831
      95]
 [   425      0      7    262      0      0   1287 123225    265     94
       0]
 [    18      0      0      0      7      1      6      0    335      0
       2]
 [     2      0      0      0     33      0    826     16     16  35710
    1963]
 [     0      0      1      0      0     63     35      0      0      6
     906]]
root - INFO - Training loss was: 1.3269885702950106
root - INFO - 

root - INFO - Test loss was: 1.2343142647985825
root - INFO - STATISTICS AFTER EPOCH 38: 

root - INFO - Evaluation: {'macroPrec': 0.7069709948634999, 'microPrec': 0.9518681194920742, 'weightPrec': 0.956342440143539, 'macroRec': 0.8121302971815971, 'microRec': 0.9518681194920742, 'weightRec': 0.9518681194920742, 'macroF1': 0.7460931031941619, 'microF1': 0.9518681194920742, 'weightF1': 0.9530809520813299, 'subsetAcc': 0.9518681194920742, 'IoU': 0.6368638296953255, 'classIoU': [0.5261984392419174, 0.8586118251928021, 0.44668587896253603, 0.1013215859030837, 0.6426735218508998, 0.8016483516483517, 0.7173173383843698, 0.9868923694012033, 0.5658914728682171, 0.9192915783575727, 0.43896976483762595], 'confusionMatrix': [[944, 0, 2, 18, 51, 0, 55, 0, 5, 0, 0], [0, 1002, 165, 0, 0, 0, 0, 0, 0, 0, 0], [20, 0, 310, 15, 0, 0, 40, 0, 0, 0, 0], [67, 0, 0, 23, 0, 0, 2, 0, 0, 0, 0], [56, 0, 0, 1, 1250, 2, 19, 0, 8, 4, 0], [65, 0, 4, 0, 97, 16049, 2636, 46, 13, 117, 235], [262, 0, 130, 6, 385, 744, 20450, 0, 48, 2144, 101], [238, 0, 8, 91, 0, 0, 1135, 124005, 52, 36, 0], [10, 0, 0, 0, 51, 0, 13, 0, 292, 3, 0], [1, 0, 0, 4, 21, 4, 310, 41, 10, 37736, 439], [0, 0, 0, 0, 0, 8, 29, 0, 11, 179, 784]]}
root - INFO - Model for epoch 38 saved to C:\Users\karth\Downloads\Projects\Mini_Project\MDD2\Marine_Debris_Detection\semantic_segmentation\unet\trained_models\38
root - INFO - Class-Specific IoU: [0.5261984392419174, 0.8586118251928021, 0.44668587896253603, 0.1013215859030837, 0.6426735218508998, 0.8016483516483517, 0.7173173383843698, 0.9868923694012033, 0.5658914728682171, 0.9192915783575727, 0.43896976483762595]
root - INFO - Confusion Matrix:
[[   944      0      2     18     51      0     55      0      5      0
       0]
 [     0   1002    165      0      0      0      0      0      0      0
       0]
 [    20      0    310     15      0      0     40      0      0      0
       0]
 [    67      0      0     23      0      0      2      0      0      0
       0]
 [    56      0      0      1   1250      2     19      0      8      4
       0]
 [    65      0      4      0     97  16049   2636     46     13    117
     235]
 [   262      0    130      6    385    744  20450      0     48   2144
     101]
 [   238      0      8     91      0      0   1135 124005     52     36
       0]
 [    10      0      0      0     51      0     13      0    292      3
       0]
 [     1      0      0      4     21      4    310     41     10  37736
     439]
 [     0      0      0      0      0      8     29      0     11    179
     784]]
root - INFO - Training loss was: 1.3073561724337786
root - INFO - 

root - INFO - Test loss was: 1.2738007516480838
root - INFO - STATISTICS AFTER EPOCH 39: 

root - INFO - Evaluation: {'macroPrec': 0.7100774697870323, 'microPrec': 0.9527315557807998, 'weightPrec': 0.9573423287365176, 'macroRec': 0.8242552604900268, 'microRec': 0.9527315557807998, 'weightRec': 0.9527315557807998, 'macroF1': 0.7446361512732746, 'microF1': 0.9527315557807998, 'weightF1': 0.9538919264105095, 'subsetAcc': 0.9527315557807998, 'IoU': 0.6301000073348878, 'classIoU': [0.6372881355932203, 0.7712082262210797, 0.42939481268011526, 0.1724137931034483, 0.6364097363083164, 0.7824181236148732, 0.7197292819627058, 0.9875858005128123, 0.34839357429718876, 0.9335442261948552, 0.5127143701951508], 'confusionMatrix': [[940, 0, 0, 13, 54, 0, 51, 0, 17, 0, 0], [0, 900, 266, 1, 0, 0, 0, 0, 0, 0, 0], [43, 0, 298, 8, 0, 0, 36, 0, 0, 0, 0], [66, 0, 0, 25, 0, 0, 0, 0, 1, 0, 0], [31, 0, 0, 22, 1255, 1, 8, 0, 19, 0, 4], [15, 0, 1, 0, 153, 15887, 2732, 16, 24, 85, 349], [113, 0, 36, 9, 401, 993, 20418, 0, 134, 2042, 124], [123, 0, 6, 0, 0, 8, 974, 124023, 423, 8, 0], [8, 0, 0, 0, 5, 1, 7, 0, 347, 1, 0], [1, 0, 0, 0, 19, 0, 269, 1, 4, 38069, 203], [0, 0, 0, 0, 0, 40, 22, 0, 5, 77, 867]]}
root - INFO - New best marine debris model saved with IoU: 0.6372881355932203
root - INFO - Model for epoch 39 saved to C:\Users\karth\Downloads\Projects\Mini_Project\MDD2\Marine_Debris_Detection\semantic_segmentation\unet\trained_models\39
root - INFO - Class-Specific IoU: [0.6372881355932203, 0.7712082262210797, 0.42939481268011526, 0.1724137931034483, 0.6364097363083164, 0.7824181236148732, 0.7197292819627058, 0.9875858005128123, 0.34839357429718876, 0.9335442261948552, 0.5127143701951508]
root - INFO - Confusion Matrix:
[[   940      0      0     13     54      0     51      0     17      0
       0]
 [     0    900    266      1      0      0      0      0      0      0
       0]
 [    43      0    298      8      0      0     36      0      0      0
       0]
 [    66      0      0     25      0      0      0      0      1      0
       0]
 [    31      0      0     22   1255      1      8      0     19      0
       4]
 [    15      0      1      0    153  15887   2732     16     24     85
     349]
 [   113      0     36      9    401    993  20418      0    134   2042
     124]
 [   123      0      6      0      0      8    974 124023    423      8
       0]
 [     8      0      0      0      5      1      7      0    347      1
       0]
 [     1      0      0      0     19      0    269      1      4  38069
     203]
 [     0      0      0      0      0     40     22      0      5     77
     867]]
root - INFO - Training loss was: 1.2839396492728974
root - INFO - 

root - INFO - Test loss was: 1.2540011771971526
root - INFO - STATISTICS AFTER EPOCH 40: 

root - INFO - Evaluation: {'macroPrec': 0.6965110219293803, 'microPrec': 0.9521543673921409, 'weightPrec': 0.9576021427463802, 'macroRec': 0.8196426273545815, 'microRec': 0.9521543673921409, 'weightRec': 0.9521543673921409, 'macroF1': 0.7350522078037465, 'microF1': 0.9521543673921409, 'weightF1': 0.9534965980831046, 'subsetAcc': 0.9521543673921409, 'IoU': 0.6241143096109716, 'classIoU': [0.5289972899728997, 0.8414738646101114, 0.45217391304347826, 0.12429378531073447, 0.6286307053941909, 0.7807214488848975, 0.7278933333333333, 0.9877988602718792, 0.309024612579763, 0.924593995763434, 0.5596555965559655], 'confusionMatrix': [[976, 0, 0, 12, 48, 0, 31, 0, 8, 0, 0], [0, 982, 183, 2, 0, 0, 0, 0, 0, 0, 0], [48, 0, 260, 23, 0, 0, 54, 0, 0, 0, 0], [69, 0, 0, 22, 0, 0, 0, 0, 1, 0, 0], [58, 0, 0, 44, 1212, 4, 11, 0, 7, 0, 4], [61, 0, 3, 0, 178, 15648, 2929, 33, 0, 173, 237], [179, 0, 4, 4, 336, 724, 20472, 0, 86, 2249, 216], [339, 0, 0, 0, 0, 0, 441, 124111, 620, 54, 0], [15, 0, 0, 0, 5, 0, 9, 0, 339, 1, 0], [1, 0, 0, 0, 21, 4, 361, 46, 1, 37974, 158], [0, 0, 0, 0, 0, 49, 19, 0, 5, 28, 910]]}
root - INFO - Model for epoch 40 saved to C:\Users\karth\Downloads\Projects\Mini_Project\MDD2\Marine_Debris_Detection\semantic_segmentation\unet\trained_models\40
root - INFO - Class-Specific IoU: [0.5289972899728997, 0.8414738646101114, 0.45217391304347826, 0.12429378531073447, 0.6286307053941909, 0.7807214488848975, 0.7278933333333333, 0.9877988602718792, 0.309024612579763, 0.924593995763434, 0.5596555965559655]
root - INFO - Confusion Matrix:
[[   976      0      0     12     48      0     31      0      8      0
       0]
 [     0    982    183      2      0      0      0      0      0      0
       0]
 [    48      0    260     23      0      0     54      0      0      0
       0]
 [    69      0      0     22      0      0      0      0      1      0
       0]
 [    58      0      0     44   1212      4     11      0      7      0
       4]
 [    61      0      3      0    178  15648   2929     33      0    173
     237]
 [   179      0      4      4    336    724  20472      0     86   2249
     216]
 [   339      0      0      0      0      0    441 124111    620     54
       0]
 [    15      0      0      0      5      0      9      0    339      1
       0]
 [     1      0      0      0     21      4    361     46      1  37974
     158]
 [     0      0      0      0      0     49     19      0      5     28
     910]]
root - INFO - Training loss was: 1.3105526390022406
root - INFO - 

root - INFO - Test loss was: 1.2584135304524284
root - INFO - STATISTICS AFTER EPOCH 41: 

root - INFO - Evaluation: {'macroPrec': 0.7154704778657547, 'microPrec': 0.9606854933318317, 'weightPrec': 0.9650520436237533, 'macroRec': 0.7950366847442747, 'microRec': 0.9606854933318317, 'weightRec': 0.9606854933318317, 'macroF1': 0.738602240404233, 'microF1': 0.9606854933318317, 'weightF1': 0.9617447544310253, 'subsetAcc': 0.9606854933318317, 'IoU': 0.6304597185705164, 'classIoU': [0.5590173756740563, 0.7712082262210797, 0.4083204930662558, 0.10344827586206896, 0.6519396551724138, 0.8083753784056509, 0.7796687808315715, 0.988479134343796, 0.3560606060606061, 0.952325960886702, 0.5562130177514792], 'confusionMatrix': [[933, 0, 0, 5, 57, 0, 79, 0, 1, 0, 0], [1, 900, 262, 4, 0, 0, 0, 0, 0, 0, 0], [53, 0, 265, 11, 0, 0, 56, 0, 0, 0, 0], [71, 0, 0, 15, 0, 0, 6, 0, 0, 0, 0], [67, 0, 0, 23, 1210, 4, 20, 0, 16, 0, 0], [36, 0, 0, 0, 105, 16022, 2723, 12, 44, 118, 202], [221, 0, 0, 10, 331, 480, 22127, 1, 56, 997, 47], [123, 0, 2, 0, 0, 0, 759, 124237, 438, 6, 0], [18, 0, 0, 0, 3, 0, 12, 0, 329, 2, 5], [4, 0, 0, 0, 20, 0, 414, 107, 0, 37934, 87], [0, 0, 0, 0, 0, 74, 41, 0, 0, 144, 752]]}
root - INFO - Model for epoch 41 saved to C:\Users\karth\Downloads\Projects\Mini_Project\MDD2\Marine_Debris_Detection\semantic_segmentation\unet\trained_models\41
root - INFO - Class-Specific IoU: [0.5590173756740563, 0.7712082262210797, 0.4083204930662558, 0.10344827586206896, 0.6519396551724138, 0.8083753784056509, 0.7796687808315715, 0.988479134343796, 0.3560606060606061, 0.952325960886702, 0.5562130177514792]
root - INFO - Confusion Matrix:
[[   933      0      0      5     57      0     79      0      1      0
       0]
 [     1    900    262      4      0      0      0      0      0      0
       0]
 [    53      0    265     11      0      0     56      0      0      0
       0]
 [    71      0      0     15      0      0      6      0      0      0
       0]
 [    67      0      0     23   1210      4     20      0     16      0
       0]
 [    36      0      0      0    105  16022   2723     12     44    118
     202]
 [   221      0      0     10    331    480  22127      1     56    997
      47]
 [   123      0      2      0      0      0    759 124237    438      6
       0]
 [    18      0      0      0      3      0     12      0    329      2
       5]
 [     4      0      0      0     20      0    414    107      0  37934
      87]
 [     0      0      0      0      0     74     41      0      0    144
     752]]
root - INFO - Training loss was: 1.356813488503852
root - INFO - 

root - INFO - Test loss was: 1.259396948029755
root - INFO - STATISTICS AFTER EPOCH 42: 

root - INFO - Evaluation: {'macroPrec': 0.7004570462464004, 'microPrec': 0.9525063115315671, 'weightPrec': 0.9565767306464484, 'macroRec': 0.7982820113828887, 'microRec': 0.9525063115315671, 'weightRec': 0.9525063115315671, 'macroF1': 0.7332474666760372, 'microF1': 0.9525063115315671, 'weightF1': 0.9533560480822583, 'subsetAcc': 0.9525063115315671, 'IoU': 0.6270173284595302, 'classIoU': [0.6315086782376502, 0.7729220222793488, 0.4595419847328244, 0.033707865168539325, 0.6655773420479303, 0.7941870388032729, 0.7223235582994247, 0.9873177877381398, 0.41697877652933835, 0.9187836890575524, 0.49434187016081], 'confusionMatrix': [[946, 0, 0, 10, 60, 0, 56, 0, 3, 0, 0], [0, 902, 265, 0, 0, 0, 0, 0, 0, 0, 0], [37, 0, 301, 10, 0, 0, 37, 0, 0, 0, 0], [84, 0, 0, 6, 0, 0, 1, 0, 1, 0, 0], [55, 0, 0, 21, 1222, 6, 21, 0, 11, 2, 2], [41, 0, 2, 0, 79, 15821, 2841, 14, 26, 143, 295], [133, 0, 1, 6, 333, 576, 20592, 0, 79, 2440, 110], [52, 0, 2, 39, 0, 0, 1021, 124016, 304, 131, 0], [20, 0, 0, 0, 1, 2, 6, 0, 334, 4, 2], [1, 0, 0, 0, 23, 2, 232, 30, 8, 38011, 259], [0, 0, 0, 0, 0, 73, 23, 0, 0, 85, 830]]}
root - INFO - Model for epoch 42 saved to C:\Users\karth\Downloads\Projects\Mini_Project\MDD2\Marine_Debris_Detection\semantic_segmentation\unet\trained_models\42
root - INFO - Class-Specific IoU: [0.6315086782376502, 0.7729220222793488, 0.4595419847328244, 0.033707865168539325, 0.6655773420479303, 0.7941870388032729, 0.7223235582994247, 0.9873177877381398, 0.41697877652933835, 0.9187836890575524, 0.49434187016081]
root - INFO - Confusion Matrix:
[[   946      0      0     10     60      0     56      0      3      0
       0]
 [     0    902    265      0      0      0      0      0      0      0
       0]
 [    37      0    301     10      0      0     37      0      0      0
       0]
 [    84      0      0      6      0      0      1      0      1      0
       0]
 [    55      0      0     21   1222      6     21      0     11      2
       2]
 [    41      0      2      0     79  15821   2841     14     26    143
     295]
 [   133      0      1      6    333    576  20592      0     79   2440
     110]
 [    52      0      2     39      0      0   1021 124016    304    131
       0]
 [    20      0      0      0      1      2      6      0    334      4
       2]
 [     1      0      0      0     23      2    232     30      8  38011
     259]
 [     0      0      0      0      0     73     23      0      0     85
     830]]
root - INFO - Training loss was: 1.295133329636558
root - INFO - 

root - INFO - Test loss was: 1.3108607732705144
root - INFO - STATISTICS AFTER EPOCH 43: 

root - INFO - Evaluation: {'macroPrec': 0.6639999340438768, 'microPrec': 0.9406997588009498, 'weightPrec': 0.9573919876785922, 'macroRec': 0.7955800064338348, 'microRec': 0.9406997588009498, 'weightRec': 0.9406997588009498, 'macroF1': 0.6966741188532705, 'microF1': 0.9406997588009498, 'weightF1': 0.9469375399290338, 'subsetAcc': 0.9406997588009498, 'IoU': 0.5921212181404863, 'classIoU': [0.5640096618357487, 0.7952013710368466, 0.3490566037735849, 0.03547671840354767, 0.6789989118607181, 0.7822282228222822, 0.7378343594559811, 0.9866766478987649, 0.5176470588235295, 0.8693930092088326, 0.19681083442551334], 'confusionMatrix': [[934, 0, 0, 31, 30, 0, 75, 0, 5, 0, 0], [0, 928, 237, 2, 0, 0, 0, 0, 0, 0, 0], [46, 0, 259, 8, 0, 0, 72, 0, 0, 0, 0], [72, 0, 0, 16, 0, 0, 4, 0, 0, 0, 0], [42, 0, 0, 10, 1248, 0, 22, 0, 14, 0, 4], [69, 0, 0, 0, 91, 15643, 2943, 1, 6, 71, 438], [223, 0, 2, 4, 337, 666, 21212, 0, 61, 1621, 144], [104, 0, 118, 304, 0, 8, 892, 123896, 126, 117, 0], [25, 0, 0, 0, 13, 2, 13, 0, 308, 0, 8], [0, 0, 0, 0, 27, 0, 439, 3, 4, 35120, 2973], [0, 0, 0, 0, 0, 60, 19, 0, 10, 21, 901]]}
root - INFO - Model for epoch 43 saved to C:\Users\karth\Downloads\Projects\Mini_Project\MDD2\Marine_Debris_Detection\semantic_segmentation\unet\trained_models\43
root - INFO - Class-Specific IoU: [0.5640096618357487, 0.7952013710368466, 0.3490566037735849, 0.03547671840354767, 0.6789989118607181, 0.7822282228222822, 0.7378343594559811, 0.9866766478987649, 0.5176470588235295, 0.8693930092088326, 0.19681083442551334]
root - INFO - Confusion Matrix:
[[   934      0      0     31     30      0     75      0      5      0
       0]
 [     0    928    237      2      0      0      0      0      0      0
       0]
 [    46      0    259      8      0      0     72      0      0      0
       0]
 [    72      0      0     16      0      0      4      0      0      0
       0]
 [    42      0      0     10   1248      0     22      0     14      0
       4]
 [    69      0      0      0     91  15643   2943      1      6     71
     438]
 [   223      0      2      4    337    666  21212      0     61   1621
     144]
 [   104      0    118    304      0      8    892 123896    126    117
       0]
 [    25      0      0      0     13      2     13      0    308      0
       8]
 [     0      0      0      0     27      0    439      3      4  35120
    2973]
 [     0      0      0      0      0     60     19      0     10     21
     901]]
root - INFO - Training loss was: 1.3330338105587098
root - INFO - 

root - INFO - Test loss was: 1.2208948853287747
root - INFO - STATISTICS AFTER EPOCH 44: 

root - INFO - Evaluation: {'macroPrec': 0.6813648878922063, 'microPrec': 0.9479826561928091, 'weightPrec': 0.9567304097474217, 'macroRec': 0.8194093442854226, 'microRec': 0.9479826561928091, 'weightRec': 0.9479826561928091, 'macroF1': 0.7222892359857992, 'microF1': 0.9479826561928091, 'weightF1': 0.9507074876810244, 'subsetAcc': 0.9479826561928091, 'IoU': 0.6056965585952905, 'classIoU': [0.526875699888018, 0.8157669237360754, 0.47674418604651164, 0.1794871794871795, 0.5903901046622264, 0.7831001344420654, 0.731985008132381, 0.9852305246422893, 0.3277310924369748, 0.9116451016635859, 0.3337061894108874], 'confusionMatrix': [[941, 0, 0, 10, 64, 0, 59, 0, 1, 0, 0], [0, 952, 214, 1, 0, 0, 0, 0, 0, 0, 0], [40, 0, 287, 22, 0, 0, 36, 0, 0, 0, 0], [63, 0, 0, 28, 0, 0, 1, 0, 0, 0, 0], [48, 0, 0, 26, 1241, 1, 11, 0, 9, 0, 4], [73, 0, 0, 0, 196, 15727, 2792, 39, 1, 104, 330], [200, 0, 1, 5, 452, 734, 20702, 153, 53, 1825, 145], [269, 0, 2, 0, 0, 0, 868, 123942, 408, 76, 0], [17, 0, 0, 0, 20, 0, 9, 0, 312, 4, 7], [1, 0, 0, 0, 30, 0, 208, 43, 109, 36990, 1185], [0, 0, 0, 0, 0, 86, 28, 0, 2, 0, 895]]}
root - INFO - Model for epoch 44 saved to C:\Users\karth\Downloads\Projects\Mini_Project\MDD2\Marine_Debris_Detection\semantic_segmentation\unet\trained_models\44
root - INFO - Class-Specific IoU: [0.526875699888018, 0.8157669237360754, 0.47674418604651164, 0.1794871794871795, 0.5903901046622264, 0.7831001344420654, 0.731985008132381, 0.9852305246422893, 0.3277310924369748, 0.9116451016635859, 0.3337061894108874]
root - INFO - Confusion Matrix:
[[   941      0      0     10     64      0     59      0      1      0
       0]
 [     0    952    214      1      0      0      0      0      0      0
       0]
 [    40      0    287     22      0      0     36      0      0      0
       0]
 [    63      0      0     28      0      0      1      0      0      0
       0]
 [    48      0      0     26   1241      1     11      0      9      0
       4]
 [    73      0      0      0    196  15727   2792     39      1    104
     330]
 [   200      0      1      5    452    734  20702    153     53   1825
     145]
 [   269      0      2      0      0      0    868 123942    408     76
       0]
 [    17      0      0      0     20      0      9      0    312      4
       7]
 [     1      0      0      0     30      0    208     43    109  36990
    1185]
 [     0      0      0      0      0     86     28      0      2      0
     895]]
root - INFO - Training loss was: 1.3332800141481935
root - INFO - 

root - INFO - Test loss was: 1.3953976468580493
root - INFO - STATISTICS AFTER EPOCH 45: 

root - INFO - Evaluation: {'macroPrec': 0.6867823772853145, 'microPrec': 0.9386444050267009, 'weightPrec': 0.9475500149481357, 'macroRec': 0.727170952179944, 'microRec': 0.9386444050267009, 'weightRec': 0.9386444050267009, 'macroF1': 0.6832788138897727, 'microF1': 0.9386444050267009, 'weightF1': 0.9409263432234627, 'subsetAcc': 0.9386444050267009, 'IoU': 0.5672928018941522, 'classIoU': [0.48968799576943417, 0.6143958868894601, 0.26473859844271413, 0.031704095112285335, 0.6335917312661499, 0.7483209614704843, 0.6621828485815718, 0.9787600047784016, 0.4523809523809524, 0.912869243874931, 0.451588502269289], 'confusionMatrix': [[926, 0, 0, 18, 48, 0, 82, 0, 1, 0, 0], [0, 717, 448, 2, 0, 0, 0, 0, 0, 0, 0], [64, 0, 238, 25, 0, 0, 58, 0, 0, 0, 0], [64, 0, 0, 24, 0, 0, 4, 0, 0, 0, 0], [64, 0, 0, 13, 1226, 2, 21, 0, 10, 2, 2], [95, 0, 1, 0, 113, 14819, 4030, 0, 0, 67, 137], [179, 0, 1, 6, 345, 472, 20331, 0, 58, 2826, 52], [291, 0, 63, 600, 0, 2, 1625, 122898, 23, 63, 0], [58, 0, 0, 0, 72, 4, 25, 0, 209, 1, 0], [1, 0, 1, 1, 17, 0, 383, 0, 1, 38042, 120], [0, 0, 0, 0, 0, 61, 205, 0, 0, 148, 597]]}
root - INFO - Model for epoch 45 saved to C:\Users\karth\Downloads\Projects\Mini_Project\MDD2\Marine_Debris_Detection\semantic_segmentation\unet\trained_models\45
root - INFO - Class-Specific IoU: [0.48968799576943417, 0.6143958868894601, 0.26473859844271413, 0.031704095112285335, 0.6335917312661499, 0.7483209614704843, 0.6621828485815718, 0.9787600047784016, 0.4523809523809524, 0.912869243874931, 0.451588502269289]
root - INFO - Confusion Matrix:
[[   926      0      0     18     48      0     82      0      1      0
       0]
 [     0    717    448      2      0      0      0      0      0      0
       0]
 [    64      0    238     25      0      0     58      0      0      0
       0]
 [    64      0      0     24      0      0      4      0      0      0
       0]
 [    64      0      0     13   1226      2     21      0     10      2
       2]
 [    95      0      1      0    113  14819   4030      0      0     67
     137]
 [   179      0      1      6    345    472  20331      0     58   2826
      52]
 [   291      0     63    600      0      2   1625 122898     23     63
       0]
 [    58      0      0      0     72      4     25      0    209      1
       0]
 [     1      0      1      1     17      0    383      0      1  38042
     120]
 [     0      0      0      0      0     61    205      0      0    148
     597]]
root - INFO - **********
root - INFO - parsed input parameters:
root - INFO - {
  "agg_to_water": true,
  "mode": "train",
  "epochs": 1,
  "batch": 2,
  "resume_from_epoch": 0,
  "input_channels": 11,
  "output_channels": 11,
  "hidden_channels": 16,
  "weight_param": 1.03,
  "lr": 0.0002,
  "decay": 0,
  "reduce_lr_on_plateau": 0,
  "lr_steps": [
    40
  ],
  "checkpoint_path": "C:\\Users\\HP\\Downloads\\Marine-Debris-Detection-main\\Marine-Debris-Detection-main\\semantic_segmentation\\unet\\trained_models",
  "eval_every": 1,
  "num_workers": 0,
  "pin_memory": true,
  "persistent_workers": false,
  "tensorboard": "tsboard_segm",
  "weighting_mechanism": "inverse",
  "paste_class": 0,
  "model_architecture": "unet++"
}
root - INFO - Class Weights: tensor([ 7.1354, 47.8071, 38.1230, 29.9872, 10.1568,  0.6173,  0.3467,  0.2695,
        79.5262,  0.4743,  2.9000])
root - INFO - Inverse Class Weights: tensor([0.0790, 0.1759, 0.1406, 0.2126, 0.0466, 0.0023, 0.0015, 0.0010, 0.3276,
        0.0018, 0.0111])
root - INFO - Using inverse class weighting mechanism.
root - INFO - Checkpoint directory: C:\Users\HP\Downloads\Marine-Debris-Detection-main\Marine-Debris-Detection-main\semantic_segmentation\unet\trained_models
root - INFO - Best marine debris model will be saved to: C:\Users\HP\Downloads\Marine-Debris-Detection-main\Marine-Debris-Detection-main\semantic_segmentation\unet\trained_models\best_model_marine_debris.pth
root - INFO - Best overall model will be saved to: C:\Users\HP\Downloads\Marine-Debris-Detection-main\Marine-Debris-Detection-main\semantic_segmentation\unet\trained_models\best_model_overall.pth
root - INFO - Training loss was: 3.255993336685433
root - INFO - **********
root - INFO - parsed input parameters:
root - INFO - {
  "agg_to_water": true,
  "mode": "train",
  "epochs": 1,
  "batch": 2,
  "resume_from_epoch": 0,
  "input_channels": 11,
  "output_channels": 11,
  "hidden_channels": 16,
  "weight_param": 1.03,
  "lr": 0.0002,
  "decay": 0,
  "reduce_lr_on_plateau": 0,
  "lr_steps": [
    40
  ],
  "checkpoint_path": "C:\\Users\\HP\\Downloads\\Marine-Debris-Detection-main\\Marine-Debris-Detection-main\\semantic_segmentation\\unet\\trained_models",
  "eval_every": 1,
  "num_workers": 0,
  "pin_memory": true,
  "persistent_workers": false,
  "tensorboard": "tsboard_segm",
  "weighting_mechanism": "inverse",
  "paste_class": 0,
  "model_architecture": "unet++"
}
root - INFO - Class Weights: tensor([ 7.1354, 47.8071, 38.1230, 29.9872, 10.1568,  0.6173,  0.3467,  0.2695,
        79.5262,  0.4743,  2.9000])
root - INFO - Inverse Class Weights: tensor([0.0790, 0.1759, 0.1406, 0.2126, 0.0466, 0.0023, 0.0015, 0.0010, 0.3276,
        0.0018, 0.0111])
root - INFO - Using inverse class weighting mechanism.
root - INFO - Checkpoint directory: C:\Users\HP\Downloads\Marine-Debris-Detection-main\Marine-Debris-Detection-main\semantic_segmentation\unet\trained_models
root - INFO - Best marine debris model will be saved to: C:\Users\HP\Downloads\Marine-Debris-Detection-main\Marine-Debris-Detection-main\semantic_segmentation\unet\trained_models\best_model_marine_debris.pth
root - INFO - Best overall model will be saved to: C:\Users\HP\Downloads\Marine-Debris-Detection-main\Marine-Debris-Detection-main\semantic_segmentation\unet\trained_models\best_model_overall.pth
root - INFO - Training loss was: 3.0336018869552754
root - INFO - 

root - INFO - Test loss was: 3.2597166847371994
root - INFO - STATISTICS AFTER EPOCH 1: 

root - INFO - Evaluation: {'macroPrec': 0.18217566907798252, 'microPrec': 0.04599675272874023, 'weightPrec': 0.6771099639070677, 'macroRec': 0.11573062337689635, 'microRec': 0.04599675272874023, 'weightRec': 0.04599675272874023, 'macroF1': 0.019631030060030877, 'microF1': 0.04599675272874023, 'weightF1': 0.07604544341502392, 'subsetAcc': 0.04599675272874023, 'IoU': 0.010240705663885798, 'classIoU': [0.00568436798803291, 0.0, 0.0017541492376197544, 0.0, 0.015122873345935728, 0.019925280199252802, 0.0, 0.06531018555387433, 0.0048509059780282495, 0.0, 0.0], 'confusionMatrix': [[1026, 0, 8, 0, 2, 0, 0, 0, 38, 0, 1], [1165, 0, 2, 0, 0, 0, 0, 0, 0, 0, 0], [356, 0, 13, 0, 0, 0, 0, 0, 16, 0, 0], [88, 0, 3, 0, 0, 0, 0, 0, 1, 0, 0], [1129, 0, 1, 1, 144, 7, 4, 0, 54, 0, 0], [5752, 116, 517, 5, 8074, 384, 11, 5, 4113, 1, 284], [17667, 53, 5321, 0, 35, 2, 0, 0, 827, 0, 365], [116726, 601, 0, 0, 0, 0, 0, 8201, 34, 3, 0], [262, 0, 0, 0, 67, 1, 5, 0, 34, 0, 0], [35715, 567, 1022, 0, 4, 0, 0, 0, 1258, 0, 0], [560, 0, 152, 0, 0, 0, 0, 0, 299, 0, 0]]}
root - INFO - New best marine debris model saved with IoU: 0.00568436798803291
root - INFO - New best overall model saved with IoU: 0.010240705663885798
root - INFO - Model for epoch 1 saved to C:\Users\HP\Downloads\Marine-Debris-Detection-main\Marine-Debris-Detection-main\semantic_segmentation\unet\trained_models\1
root - INFO - Class-Specific IoU: [0.00568436798803291, 0.0, 0.0017541492376197544, 0.0, 0.015122873345935728, 0.019925280199252802, 0.0, 0.06531018555387433, 0.0048509059780282495, 0.0, 0.0]
root - INFO - Confusion Matrix:
[[  1026      0      8      0      2      0      0      0     38      0
       1]
 [  1165      0      2      0      0      0      0      0      0      0
       0]
 [   356      0     13      0      0      0      0      0     16      0
       0]
 [    88      0      3      0      0      0      0      0      1      0
       0]
 [  1129      0      1      1    144      7      4      0     54      0
       0]
 [  5752    116    517      5   8074    384     11      5   4113      1
     284]
 [ 17667     53   5321      0     35      2      0      0    827      0
     365]
 [116726    601      0      0      0      0      0   8201     34      3
       0]
 [   262      0      0      0     67      1      5      0     34      0
       0]
 [ 35715    567   1022      0      4      0      0      0   1258      0
       0]
 [   560      0    152      0      0      0      0      0    299      0
       0]]
root - INFO - **********
root - INFO - parsed input parameters:
root - INFO - {
  "agg_to_water": true,
  "mode": "train",
  "epochs": 45,
  "batch": 5,
  "resume_from_epoch": 0,
  "input_channels": 11,
  "output_channels": 11,
  "hidden_channels": 16,
  "weight_param": 1.03,
  "lr": 0.0002,
  "decay": 0,
  "reduce_lr_on_plateau": 0,
  "lr_steps": [
    40
  ],
  "checkpoint_path": "C:\\Users\\HP\\Downloads\\Marine-Debris-Detection-main\\Marine-Debris-Detection-main\\semantic_segmentation\\unet\\trained_models",
  "eval_every": 1,
  "num_workers": 0,
  "pin_memory": true,
  "persistent_workers": false,
  "tensorboard": "tsboard_segm",
  "weighting_mechanism": "inverse",
  "paste_class": 0,
  "model_architecture": "unet++"
}
root - INFO - Class Weights: tensor([ 7.1354, 47.8071, 38.1230, 29.9872, 10.1568,  0.6173,  0.3467,  0.2695,
        79.5262,  0.4743,  2.9000])
root - INFO - Inverse Class Weights: tensor([0.0790, 0.1759, 0.1406, 0.2126, 0.0466, 0.0023, 0.0015, 0.0010, 0.3276,
        0.0018, 0.0111])
root - INFO - Using inverse class weighting mechanism.
root - INFO - Checkpoint directory: C:\Users\HP\Downloads\Marine-Debris-Detection-main\Marine-Debris-Detection-main\semantic_segmentation\unet\trained_models
root - INFO - Best marine debris model will be saved to: C:\Users\HP\Downloads\Marine-Debris-Detection-main\Marine-Debris-Detection-main\semantic_segmentation\unet\trained_models\best_model_marine_debris.pth
root - INFO - Best overall model will be saved to: C:\Users\HP\Downloads\Marine-Debris-Detection-main\Marine-Debris-Detection-main\semantic_segmentation\unet\trained_models\best_model_overall.pth
root - INFO - Training loss was: 3.311073553628762
root - INFO - 

root - INFO - Test loss was: 3.2099587900120734
root - INFO - STATISTICS AFTER EPOCH 1: 

root - INFO - Evaluation: {'macroPrec': 0.20236916309309635, 'microPrec': 0.1963519816801344, 'weightPrec': 0.6802757498596208, 'macroRec': 0.2819855573253347, 'microRec': 0.1963519816801344, 'weightRec': 0.1963519816801344, 'macroF1': 0.08624512965681051, 'microF1': 0.1963519816801344, 'weightF1': 0.2835913046063891, 'subsetAcc': 0.1963519816801344, 'IoU': 0.05102774568969662, 'classIoU': [0.007223874979189739, 0.04373247897476972, 0.0012307692307692308, 0.0, 0.0959090909090909, 0.04138216428719222, 0.00032827246614690195, 0.30363338320017824, 0.06786516853932584, 0.0, 0.0], 'confusionMatrix': [[998, 53, 5, 2, 17, 0, 0, 0, 0, 0, 0], [39, 1092, 35, 1, 0, 0, 0, 0, 0, 0, 0], [288, 93, 4, 0, 0, 0, 0, 0, 0, 0, 0], [90, 2, 0, 0, 0, 0, 0, 0, 0, 0, 0], [515, 19, 7, 1, 633, 16, 5, 0, 144, 0, 0], [12307, 429, 40, 6, 4878, 800, 51, 40, 710, 1, 0], [22434, 532, 6, 0, 221, 49, 8, 63, 957, 0, 0], [62150, 22299, 2758, 113, 49, 1, 9, 38157, 29, 0, 0], [133, 9, 11, 0, 61, 4, 0, 0, 151, 0, 0], [38302, 189, 3, 0, 34, 0, 35, 0, 3, 0, 0], [820, 178, 0, 0, 0, 0, 0, 0, 13, 0, 0]]}
root - INFO - New best marine debris model saved with IoU: 0.007223874979189739
root - INFO - New best overall model saved with IoU: 0.05102774568969662
root - INFO - Model for epoch 1 saved to C:\Users\HP\Downloads\Marine-Debris-Detection-main\Marine-Debris-Detection-main\semantic_segmentation\unet\trained_models\1
root - INFO - Class-Specific IoU: [0.007223874979189739, 0.04373247897476972, 0.0012307692307692308, 0.0, 0.0959090909090909, 0.04138216428719222, 0.00032827246614690195, 0.30363338320017824, 0.06786516853932584, 0.0, 0.0]
root - INFO - Confusion Matrix:
[[  998    53     5     2    17     0     0     0     0     0     0]
 [   39  1092    35     1     0     0     0     0     0     0     0]
 [  288    93     4     0     0     0     0     0     0     0     0]
 [   90     2     0     0     0     0     0     0     0     0     0]
 [  515    19     7     1   633    16     5     0   144     0     0]
 [12307   429    40     6  4878   800    51    40   710     1     0]
 [22434   532     6     0   221    49     8    63   957     0     0]
 [62150 22299  2758   113    49     1     9 38157    29     0     0]
 [  133     9    11     0    61     4     0     0   151     0     0]
 [38302   189     3     0    34     0    35     0     3     0     0]
 [  820   178     0     0     0     0     0     0    13     0     0]]
root - INFO - Training loss was: 2.9115750136988123
root - INFO - 

root - INFO - Test loss was: 2.9358597537838897
root - INFO - STATISTICS AFTER EPOCH 2: 

root - INFO - Evaluation: {'macroPrec': 0.1769696820023799, 'microPrec': 0.48328030708299313, 'weightPrec': 0.6549020180708548, 'macroRec': 0.2621623242425067, 'microRec': 0.48328030708299313, 'weightRec': 0.48328030708299313, 'macroF1': 0.13806400338239422, 'microF1': 0.48328030708299313, 'weightF1': 0.543862793369968, 'subsetAcc': 0.48328030708299313, 'IoU': 0.1036107745844028, 'classIoU': [0.013802612481857764, 0.012488878637097571, 0.011343972313016728, 0.0, 0.10902000678195999, 0.2177466433158202, 0.0, 0.7628164068986786, 0.0125, 0.0, 0.0], 'confusionMatrix': [[951, 22, 7, 13, 17, 2, 0, 63, 0, 0, 0], [31, 379, 757, 0, 0, 0, 0, 0, 0, 0, 0], [223, 101, 59, 0, 0, 0, 0, 2, 0, 0, 0], [72, 11, 4, 0, 0, 0, 0, 5, 0, 0, 0], [607, 1, 2, 26, 643, 16, 2, 0, 43, 0, 0], [9149, 428, 319, 328, 4038, 4476, 8, 62, 454, 0, 0], [17046, 5770, 136, 35, 365, 291, 0, 408, 219, 0, 0], [3900, 20239, 3585, 303, 3, 983, 0, 96465, 87, 0, 0], [287, 3, 1, 1, 62, 0, 0, 0, 15, 0, 0], [35736, 2413, 5, 0, 54, 2, 0, 354, 2, 0, 0], [774, 192, 0, 0, 19, 0, 0, 0, 26, 0, 0]]}
root - INFO - New best marine debris model saved with IoU: 0.013802612481857764
root - INFO - New best overall model saved with IoU: 0.1036107745844028
root - INFO - Model for epoch 2 saved to C:\Users\HP\Downloads\Marine-Debris-Detection-main\Marine-Debris-Detection-main\semantic_segmentation\unet\trained_models\2
root - INFO - Class-Specific IoU: [0.013802612481857764, 0.012488878637097571, 0.011343972313016728, 0.0, 0.10902000678195999, 0.2177466433158202, 0.0, 0.7628164068986786, 0.0125, 0.0, 0.0]
root - INFO - Confusion Matrix:
[[  951    22     7    13    17     2     0    63     0     0     0]
 [   31   379   757     0     0     0     0     0     0     0     0]
 [  223   101    59     0     0     0     0     2     0     0     0]
 [   72    11     4     0     0     0     0     5     0     0     0]
 [  607     1     2    26   643    16     2     0    43     0     0]
 [ 9149   428   319   328  4038  4476     8    62   454     0     0]
 [17046  5770   136    35   365   291     0   408   219     0     0]
 [ 3900 20239  3585   303     3   983     0 96465    87     0     0]
 [  287     3     1     1    62     0     0     0    15     0     0]
 [35736  2413     5     0    54     2     0   354     2     0     0]
 [  774   192     0     0    19     0     0     0    26     0     0]]
root - INFO - Training loss was: 2.76551159089726
root - INFO - 

root - INFO - Test loss was: 2.8760536818514133
root - INFO - STATISTICS AFTER EPOCH 3: 

root - INFO - Evaluation: {'macroPrec': 0.2474994208693989, 'microPrec': 0.44253456091449167, 'weightPrec': 0.5927021372946731, 'macroRec': 0.3186410681679467, 'microRec': 0.44253456091449167, 'weightRec': 0.44253456091449167, 'macroF1': 0.15792964845339716, 'microF1': 0.44253456091449167, 'weightF1': 0.4592700395723171, 'subsetAcc': 0.44253456091449167, 'IoU': 0.10753649599570228, 'classIoU': [0.030379041248606464, 0.006512178619756428, 0.01917489831493318, 0.0, 0.16233090530697192, 0.38163536137198856, 0.0005355524429430667, 0.5272620651794181, 0.05507145346810736, 0.0, 0.0], 'confusionMatrix': [[763, 38, 58, 10, 54, 0, 0, 152, 0, 0, 0], [21, 308, 838, 0, 0, 0, 0, 0, 0, 0, 0], [60, 193, 132, 0, 0, 0, 0, 0, 0, 0, 0], [69, 7, 10, 0, 0, 0, 0, 6, 0, 0, 0], [324, 5, 2, 11, 936, 0, 0, 1, 61, 0, 0], [6198, 308, 525, 50, 3381, 7477, 3, 369, 951, 0, 0], [5441, 12598, 1284, 13, 389, 303, 13, 3893, 336, 0, 0], [3747, 32876, 3755, 51, 483, 26, 0, 84518, 109, 0, 0], [105, 0, 0, 2, 101, 0, 1, 2, 158, 0, 0], [7330, 40, 23, 0, 18, 0, 0, 30296, 859, 0, 0], [746, 64, 4, 0, 0, 1, 0, 12, 184, 0, 0]]}
root - INFO - New best marine debris model saved with IoU: 0.030379041248606464
root - INFO - New best overall model saved with IoU: 0.10753649599570228
root - INFO - Model for epoch 3 saved to C:\Users\HP\Downloads\Marine-Debris-Detection-main\Marine-Debris-Detection-main\semantic_segmentation\unet\trained_models\3
root - INFO - Class-Specific IoU: [0.030379041248606464, 0.006512178619756428, 0.01917489831493318, 0.0, 0.16233090530697192, 0.38163536137198856, 0.0005355524429430667, 0.5272620651794181, 0.05507145346810736, 0.0, 0.0]
root - INFO - Confusion Matrix:
[[  763    38    58    10    54     0     0   152     0     0     0]
 [   21   308   838     0     0     0     0     0     0     0     0]
 [   60   193   132     0     0     0     0     0     0     0     0]
 [   69     7    10     0     0     0     0     6     0     0     0]
 [  324     5     2    11   936     0     0     1    61     0     0]
 [ 6198   308   525    50  3381  7477     3   369   951     0     0]
 [ 5441 12598  1284    13   389   303    13  3893   336     0     0]
 [ 3747 32876  3755    51   483    26     0 84518   109     0     0]
 [  105     0     0     2   101     0     1     2   158     0     0]
 [ 7330    40    23     0    18     0     0 30296   859     0     0]
 [  746    64     4     0     0     1     0    12   184     0     0]]
root - INFO - Training loss was: 2.5571901869285485
root - INFO - 

root - INFO - Test loss was: 2.234285070367381
root - INFO - STATISTICS AFTER EPOCH 4: 

root - INFO - Evaluation: {'macroPrec': 0.40099907038551774, 'microPrec': 0.6647520905481882, 'weightPrec': 0.8513432114835023, 'macroRec': 0.4276992656463795, 'microRec': 0.6647520905481882, 'weightRec': 0.6647520905481882, 'macroF1': 0.24553081336177562, 'microF1': 0.6647520905481882, 'weightF1': 0.6407244026936093, 'subsetAcc': 0.6647520905481882, 'IoU': 0.17769941599977998, 'classIoU': [0.028845070422535212, 0.08719723183391004, 0.10160919540229885, 0.0, 0.19240624272070814, 0.5085228744624631, 0.006135221938565428, 0.8049011723321761, 0.06806645131518228, 0.15701011556974082, 0.0], 'confusionMatrix': [[1024, 0, 4, 5, 34, 0, 0, 8, 0, 0, 0], [15, 126, 1026, 0, 0, 0, 0, 0, 0, 0, 0], [141, 23, 221, 0, 0, 0, 0, 0, 0, 0, 0], [83, 0, 9, 0, 0, 0, 0, 0, 0, 0, 0], [428, 0, 0, 1, 826, 0, 4, 0, 81, 0, 0], [5421, 10, 436, 27, 2228, 9815, 12, 136, 1154, 23, 0], [22417, 18, 271, 26, 668, 39, 149, 248, 417, 17, 0], [1106, 227, 44, 254, 0, 0, 0, 123104, 827, 3, 0], [59, 0, 0, 0, 13, 0, 0, 2, 295, 0, 0], [4470, 0, 0, 0, 10, 0, 0, 26893, 1093, 6100, 0], [285, 0, 0, 0, 0, 0, 0, 91, 393, 242, 0]]}
root - INFO - New best overall model saved with IoU: 0.17769941599977998
root - INFO - Model for epoch 4 saved to C:\Users\HP\Downloads\Marine-Debris-Detection-main\Marine-Debris-Detection-main\semantic_segmentation\unet\trained_models\4
root - INFO - Class-Specific IoU: [0.028845070422535212, 0.08719723183391004, 0.10160919540229885, 0.0, 0.19240624272070814, 0.5085228744624631, 0.006135221938565428, 0.8049011723321761, 0.06806645131518228, 0.15701011556974082, 0.0]
root - INFO - Confusion Matrix:
[[  1024      0      4      5     34      0      0      8      0      0
       0]
 [    15    126   1026      0      0      0      0      0      0      0
       0]
 [   141     23    221      0      0      0      0      0      0      0
       0]
 [    83      0      9      0      0      0      0      0      0      0
       0]
 [   428      0      0      1    826      0      4      0     81      0
       0]
 [  5421     10    436     27   2228   9815     12    136   1154     23
       0]
 [ 22417     18    271     26    668     39    149    248    417     17
       0]
 [  1106    227     44    254      0      0      0 123104    827      3
       0]
 [    59      0      0      0     13      0      0      2    295      0
       0]
 [  4470      0      0      0     10      0      0  26893   1093   6100
       0]
 [   285      0      0      0      0      0      0     91    393    242
       0]]
root - INFO - Training loss was: 2.47889210214384
root - INFO - 

root - INFO - Test loss was: 2.3648621450601537
root - INFO - STATISTICS AFTER EPOCH 5: 

root - INFO - Evaluation: {'macroPrec': 0.3616976538220861, 'microPrec': 0.6689566498671997, 'weightPrec': 0.7898458561443114, 'macroRec': 0.45983185609481, 'microRec': 0.6689566498671997, 'weightRec': 0.6689566498671997, 'macroF1': 0.2627998161905949, 'microF1': 0.6689566498671997, 'weightF1': 0.652782337332939, 'subsetAcc': 0.6689566498671997, 'IoU': 0.1863180543557644, 'classIoU': [0.029398742583901533, 0.18543046357615894, 0.11352418558736427, 0.004545454545454545, 0.16621575921542103, 0.43201868188894654, 0.000699502119079949, 0.8048629659355552, 0.08088053425674005, 0.23192230820478654, 0.0], 'confusionMatrix': [[996, 0, 1, 3, 68, 0, 0, 0, 7, 0, 0], [17, 280, 860, 10, 0, 0, 0, 0, 0, 0, 0], [136, 0, 230, 19, 0, 0, 0, 0, 0, 0, 0], [89, 0, 0, 3, 0, 0, 0, 0, 0, 0, 0], [142, 0, 1, 1, 983, 0, 1, 0, 212, 0, 0], [5370, 7, 189, 144, 4262, 8325, 32, 3, 857, 73, 0], [22744, 14, 384, 71, 228, 8, 17, 3, 689, 112, 0], [1910, 321, 206, 318, 1, 0, 0, 122344, 465, 0, 0], [33, 0, 0, 0, 9, 0, 0, 0, 327, 0, 0], [2152, 0, 0, 2, 6, 0, 0, 26318, 1037, 9051, 0], [211, 1, 0, 0, 0, 0, 0, 117, 407, 275, 0]]}
root - INFO - New best overall model saved with IoU: 0.1863180543557644
root - INFO - Model for epoch 5 saved to C:\Users\HP\Downloads\Marine-Debris-Detection-main\Marine-Debris-Detection-main\semantic_segmentation\unet\trained_models\5
root - INFO - Class-Specific IoU: [0.029398742583901533, 0.18543046357615894, 0.11352418558736427, 0.004545454545454545, 0.16621575921542103, 0.43201868188894654, 0.000699502119079949, 0.8048629659355552, 0.08088053425674005, 0.23192230820478654, 0.0]
root - INFO - Confusion Matrix:
[[   996      0      1      3     68      0      0      0      7      0
       0]
 [    17    280    860     10      0      0      0      0      0      0
       0]
 [   136      0    230     19      0      0      0      0      0      0
       0]
 [    89      0      0      3      0      0      0      0      0      0
       0]
 [   142      0      1      1    983      0      1      0    212      0
       0]
 [  5370      7    189    144   4262   8325     32      3    857     73
       0]
 [ 22744     14    384     71    228      8     17      3    689    112
       0]
 [  1910    321    206    318      1      0      0 122344    465      0
       0]
 [    33      0      0      0      9      0      0      0    327      0
       0]
 [  2152      0      0      2      6      0      0  26318   1037   9051
       0]
 [   211      1      0      0      0      0      0    117    407    275
       0]]
root - INFO - Training loss was: 2.3612117203476264
root - INFO - 

root - INFO - Test loss was: 1.9569026403266643
root - INFO - STATISTICS AFTER EPOCH 6: 

root - INFO - Evaluation: {'macroPrec': 0.3975892967564619, 'microPrec': 0.6817955720734672, 'weightPrec': 0.7709303048020133, 'macroRec': 0.5043948784298323, 'microRec': 0.6817955720734672, 'weightRec': 0.6817955720734672, 'macroF1': 0.30396497234474906, 'microF1': 0.6817955720734672, 'weightF1': 0.6520559700839191, 'subsetAcc': 0.6817955720734672, 'IoU': 0.2208045107590262, 'classIoU': [0.035643490294348656, 0.3835956917978459, 0.16816647919010125, 0.0412621359223301, 0.17429528328216579, 0.5795062624795789, 0.000617487238597069, 0.7928072825775532, 0.06033182503770739, 0.19262368052906015, 0.0], 'confusionMatrix': [[953, 0, 2, 44, 72, 4, 0, 0, 0, 0, 0], [1, 463, 683, 20, 0, 0, 0, 0, 0, 0, 0], [65, 0, 299, 21, 0, 0, 0, 0, 0, 0, 0], [75, 0, 0, 17, 0, 0, 0, 0, 0, 0, 0], [69, 0, 0, 9, 1249, 4, 0, 0, 9, 0, 0], [1437, 0, 54, 104, 4458, 12770, 22, 43, 302, 69, 3], [20300, 0, 532, 101, 1137, 1270, 15, 3, 421, 491, 0], [1578, 40, 122, 21, 2, 1393, 0, 121753, 582, 6, 68], [43, 0, 0, 0, 102, 22, 0, 1, 200, 1, 0], [1873, 0, 0, 0, 39, 47, 0, 27960, 1074, 7573, 0], [221, 0, 0, 0, 16, 34, 0, 0, 558, 182, 0]]}
root - INFO - New best marine debris model saved with IoU: 0.035643490294348656
root - INFO - New best overall model saved with IoU: 0.2208045107590262
root - INFO - Model for epoch 6 saved to C:\Users\HP\Downloads\Marine-Debris-Detection-main\Marine-Debris-Detection-main\semantic_segmentation\unet\trained_models\6
root - INFO - Class-Specific IoU: [0.035643490294348656, 0.3835956917978459, 0.16816647919010125, 0.0412621359223301, 0.17429528328216579, 0.5795062624795789, 0.000617487238597069, 0.7928072825775532, 0.06033182503770739, 0.19262368052906015, 0.0]
root - INFO - Confusion Matrix:
[[   953      0      2     44     72      4      0      0      0      0
       0]
 [     1    463    683     20      0      0      0      0      0      0
       0]
 [    65      0    299     21      0      0      0      0      0      0
       0]
 [    75      0      0     17      0      0      0      0      0      0
       0]
 [    69      0      0      9   1249      4      0      0      9      0
       0]
 [  1437      0     54    104   4458  12770     22     43    302     69
       3]
 [ 20300      0    532    101   1137   1270     15      3    421    491
       0]
 [  1578     40    122     21      2   1393      0 121753    582      6
      68]
 [    43      0      0      0    102     22      0      1    200      1
       0]
 [  1873      0      0      0     39     47      0  27960   1074   7573
       0]
 [   221      0      0      0     16     34      0      0    558    182
       0]]
root - INFO - Training loss was: 2.3097844701017527
root - INFO - 

root - INFO - Test loss was: 2.137768346583486
root - INFO - STATISTICS AFTER EPOCH 7: 

root - INFO - Evaluation: {'macroPrec': 0.34019268763990756, 'microPrec': 0.6797261405336412, 'weightPrec': 0.793468249885887, 'macroRec': 0.4356373668425665, 'microRec': 0.6797261405336412, 'weightRec': 0.6797261405336412, 'macroF1': 0.24737678045933365, 'microF1': 0.6797261405336412, 'weightF1': 0.6457151159268129, 'subsetAcc': 0.6797261405336412, 'IoU': 0.1884517103534208, 'classIoU': [0.030247017308015458, 0.0, 0.07804878048780488, 0.0, 0.27217056021773645, 0.6747809637594584, 0.0025513353359944034, 0.7940554214840743, 0.07102641836292767, 0.15008831693161745, 0.0], 'confusionMatrix': [[900, 0, 0, 0, 112, 0, 0, 0, 63, 0, 0], [29, 0, 1129, 9, 0, 0, 0, 0, 0, 0, 0], [250, 0, 128, 7, 0, 0, 0, 0, 0, 0, 0], [91, 0, 0, 0, 1, 0, 0, 0, 0, 0, 0], [48, 0, 0, 0, 1200, 0, 0, 0, 89, 3, 0], [2447, 0, 6, 2, 2023, 13555, 31, 0, 988, 153, 57], [20670, 0, 11, 1, 874, 820, 62, 1, 1098, 733, 0], [1608, 2, 109, 3, 0, 0, 0, 122730, 1113, 0, 0], [20, 0, 0, 0, 19, 0, 0, 0, 328, 2, 0], [3287, 0, 0, 0, 40, 0, 0, 28995, 296, 5948, 0], [230, 0, 0, 0, 0, 6, 0, 0, 602, 173, 0]]}
root - INFO - Model for epoch 7 saved to C:\Users\HP\Downloads\Marine-Debris-Detection-main\Marine-Debris-Detection-main\semantic_segmentation\unet\trained_models\7
root - INFO - Class-Specific IoU: [0.030247017308015458, 0.0, 0.07804878048780488, 0.0, 0.27217056021773645, 0.6747809637594584, 0.0025513353359944034, 0.7940554214840743, 0.07102641836292767, 0.15008831693161745, 0.0]
root - INFO - Confusion Matrix:
[[   900      0      0      0    112      0      0      0     63      0
       0]
 [    29      0   1129      9      0      0      0      0      0      0
       0]
 [   250      0    128      7      0      0      0      0      0      0
       0]
 [    91      0      0      0      1      0      0      0      0      0
       0]
 [    48      0      0      0   1200      0      0      0     89      3
       0]
 [  2447      0      6      2   2023  13555     31      0    988    153
      57]
 [ 20670      0     11      1    874    820     62      1   1098    733
       0]
 [  1608      2    109      3      0      0      0 122730   1113      0
       0]
 [    20      0      0      0     19      0      0      0    328      2
       0]
 [  3287      0      0      0     40      0      0  28995    296   5948
       0]
 [   230      0      0      0      0      6      0      0    602    173
       0]]
root - INFO - Training loss was: 2.1728460602254174
root - INFO - 

root - INFO - Test loss was: 1.8145385467803967
root - INFO - STATISTICS AFTER EPOCH 8: 

root - INFO - Evaluation: {'macroPrec': 0.3731949847696612, 'microPrec': 0.8326810635282634, 'weightPrec': 0.8786238282270424, 'macroRec': 0.5510944596284372, 'microRec': 0.8326810635282634, 'weightRec': 0.8326810635282634, 'macroF1': 0.3506022876560982, 'microF1': 0.8326810635282634, 'weightF1': 0.8231354042773139, 'subsetAcc': 0.8326810635282634, 'IoU': 0.2929788617451727, 'classIoU': [0.052865368796270906, 0.0, 0.12161632012553943, 0.022641509433962263, 0.4578481602235678, 0.7530641853019161, 0.013232360245918326, 0.9748887626621225, 0.07193585337915234, 0.7546749590284489, 0.0], 'confusionMatrix': [[964, 0, 4, 5, 59, 0, 0, 25, 9, 9, 0], [4, 0, 1163, 0, 0, 0, 0, 0, 0, 0, 0], [74, 1, 310, 0, 0, 0, 0, 0, 0, 0, 0], [85, 0, 1, 6, 0, 0, 0, 0, 0, 0, 0], [203, 0, 0, 12, 983, 16, 1, 0, 124, 1, 0], [2087, 0, 449, 67, 441, 15053, 289, 2, 747, 127, 0], [12893, 0, 452, 27, 280, 399, 325, 26, 1239, 8629, 0], [1115, 87, 82, 62, 0, 281, 0, 123573, 334, 4, 27], [33, 0, 0, 0, 10, 5, 0, 0, 314, 3, 4], [452, 0, 13, 0, 16, 0, 0, 1138, 1029, 35918, 0], [214, 0, 0, 0, 1, 26, 1, 0, 514, 255, 0]]}
root - INFO - New best marine debris model saved with IoU: 0.052865368796270906
root - INFO - New best overall model saved with IoU: 0.2929788617451727
root - INFO - Model for epoch 8 saved to C:\Users\HP\Downloads\Marine-Debris-Detection-main\Marine-Debris-Detection-main\semantic_segmentation\unet\trained_models\8
root - INFO - Class-Specific IoU: [0.052865368796270906, 0.0, 0.12161632012553943, 0.022641509433962263, 0.4578481602235678, 0.7530641853019161, 0.013232360245918326, 0.9748887626621225, 0.07193585337915234, 0.7546749590284489, 0.0]
root - INFO - Confusion Matrix:
[[   964      0      4      5     59      0      0     25      9      9
       0]
 [     4      0   1163      0      0      0      0      0      0      0
       0]
 [    74      1    310      0      0      0      0      0      0      0
       0]
 [    85      0      1      6      0      0      0      0      0      0
       0]
 [   203      0      0     12    983     16      1      0    124      1
       0]
 [  2087      0    449     67    441  15053    289      2    747    127
       0]
 [ 12893      0    452     27    280    399    325     26   1239   8629
       0]
 [  1115     87     82     62      0    281      0 123573    334      4
      27]
 [    33      0      0      0     10      5      0      0    314      3
       4]
 [   452      0     13      0     16      0      0   1138   1029  35918
       0]
 [   214      0      0      0      1     26      1      0    514    255
       0]]
root - INFO - Training loss was: 2.1542425715057543
root - INFO - 

root - INFO - Test loss was: 2.0052996276695936
root - INFO - STATISTICS AFTER EPOCH 9: 

root - INFO - Evaluation: {'macroPrec': 0.4373383680067951, 'microPrec': 0.8220945838143237, 'weightPrec': 0.8864091292439742, 'macroRec': 0.5462866085497269, 'microRec': 0.8220945838143237, 'weightRec': 0.8220945838143237, 'macroF1': 0.35933372569405697, 'microF1': 0.8220945838143237, 'weightF1': 0.8204780269420957, 'subsetAcc': 0.8220945838143237, 'IoU': 0.28858735046152373, 'classIoU': [0.06465268424090821, 0.22815945716709077, 0.04466538062027007, 0.003125, 0.2738441642418364, 0.697727970525023, 0.04079031230082855, 0.9549147099502409, 0.1111111111111111, 0.7554700649194518, 0.0], 'confusionMatrix': [[1008, 0, 4, 2, 36, 0, 0, 3, 0, 22, 0], [6, 269, 889, 3, 0, 0, 0, 0, 0, 0, 0], [82, 0, 301, 2, 0, 0, 0, 0, 0, 0, 0], [90, 0, 0, 2, 0, 0, 0, 0, 0, 0, 0], [429, 0, 0, 8, 847, 1, 10, 0, 39, 4, 2], [2765, 0, 305, 87, 1360, 13635, 589, 1, 353, 162, 5], [7125, 10, 4508, 30, 323, 260, 1024, 28, 415, 10547, 0], [3197, 0, 609, 414, 0, 0, 227, 120134, 890, 94, 0], [74, 0, 0, 0, 18, 0, 0, 0, 266, 11, 0], [515, 2, 39, 2, 16, 0, 8, 209, 71, 37704, 0], [233, 0, 0, 0, 0, 19, 0, 0, 257, 502, 0]]}
root - INFO - New best marine debris model saved with IoU: 0.06465268424090821
root - INFO - Model for epoch 9 saved to C:\Users\HP\Downloads\Marine-Debris-Detection-main\Marine-Debris-Detection-main\semantic_segmentation\unet\trained_models\9
root - INFO - Class-Specific IoU: [0.06465268424090821, 0.22815945716709077, 0.04466538062027007, 0.003125, 0.2738441642418364, 0.697727970525023, 0.04079031230082855, 0.9549147099502409, 0.1111111111111111, 0.7554700649194518, 0.0]
root - INFO - Confusion Matrix:
[[  1008      0      4      2     36      0      0      3      0     22
       0]
 [     6    269    889      3      0      0      0      0      0      0
       0]
 [    82      0    301      2      0      0      0      0      0      0
       0]
 [    90      0      0      2      0      0      0      0      0      0
       0]
 [   429      0      0      8    847      1     10      0     39      4
       2]
 [  2765      0    305     87   1360  13635    589      1    353    162
       5]
 [  7125     10   4508     30    323    260   1024     28    415  10547
       0]
 [  3197      0    609    414      0      0    227 120134    890     94
       0]
 [    74      0      0      0     18      0      0      0    266     11
       0]
 [   515      2     39      2     16      0      8    209     71  37704
       0]
 [   233      0      0      0      0     19      0      0    257    502
       0]]
root - INFO - Training loss was: 2.1158316952334215
root - INFO - **********
root - INFO - parsed input parameters:
root - INFO - {
  "agg_to_water": true,
  "mode": "train",
  "epochs": 45,
  "batch": 5,
  "resume_from_epoch": 0,
  "input_channels": 11,
  "output_channels": 11,
  "hidden_channels": 16,
  "weight_param": 1.03,
  "lr": 0.0002,
  "decay": 0,
  "reduce_lr_on_plateau": 0,
  "lr_steps": [
    40
  ],
  "checkpoint_path": "C:\\Users\\HP\\Downloads\\Marine-Debris-Detection-main\\Marine-Debris-Detection-main\\semantic_segmentation\\unet\\trained_models",
  "eval_every": 1,
  "num_workers": 0,
  "pin_memory": true,
  "persistent_workers": false,
  "tensorboard": "tsboard_segm",
  "weighting_mechanism": "inverse",
  "paste_class": 0,
  "model_architecture": "unet++"
}
root - INFO - Class Weights: tensor([ 7.1354, 47.8071, 38.1230, 29.9872, 10.1568,  0.6173,  0.3467,  0.2695,
        79.5262,  0.4743,  2.9000])
root - INFO - Inverse Class Weights: tensor([0.0790, 0.1759, 0.1406, 0.2126, 0.0466, 0.0023, 0.0015, 0.0010, 0.3276,
        0.0018, 0.0111])
root - INFO - Using inverse class weighting mechanism.
root - INFO - Checkpoint directory: C:\Users\HP\Downloads\Marine-Debris-Detection-main\Marine-Debris-Detection-main\semantic_segmentation\unet\trained_models
root - INFO - Best marine debris model will be saved to: C:\Users\HP\Downloads\Marine-Debris-Detection-main\Marine-Debris-Detection-main\semantic_segmentation\unet\trained_models\best_model_marine_debris.pth
root - INFO - Best overall model will be saved to: C:\Users\HP\Downloads\Marine-Debris-Detection-main\Marine-Debris-Detection-main\semantic_segmentation\unet\trained_models\best_model_overall.pth
root - INFO - Training loss was: 3.3429810516883096
root - INFO - 

root - INFO - Test loss was: 3.1288150742923717
root - INFO - STATISTICS AFTER EPOCH 1: 

root - INFO - Evaluation: {'macroPrec': 0.21552223668862053, 'microPrec': 0.37429024598549054, 'weightPrec': 0.6733638538894419, 'macroRec': 0.31213769632549443, 'microRec': 0.37429024598549054, 'weightRec': 0.37429024598549054, 'macroF1': 0.16339525982508724, 'microF1': 0.37429024598549054, 'weightF1': 0.4685607485271554, 'subsetAcc': 0.37429024598549054, 'IoU': 0.10921339462270199, 'classIoU': [0.007292065517974899, 0.2100336053768603, 0.014340725003319612, 0.0, 0.10185986159169551, 0.2162189714052704, 0.0, 0.5808693715903488, 0.07073274036425244, 0.0, 0.0], 'confusionMatrix': [[857, 19, 162, 5, 19, 13, 0, 0, 0, 0, 0], [39, 875, 251, 2, 0, 0, 0, 0, 0, 0, 0], [209, 64, 108, 4, 0, 0, 0, 0, 0, 0, 0], [83, 1, 7, 0, 0, 0, 0, 1, 0, 0, 0], [562, 57, 51, 16, 471, 46, 21, 10, 99, 7, 0], [9829, 305, 595, 114, 2535, 4242, 27, 69, 1539, 7, 0], [21489, 172, 2261, 8, 61, 56, 0, 95, 128, 0, 0], [47170, 2365, 1256, 720, 578, 222, 0, 73042, 212, 0, 0], [73, 14, 9, 0, 90, 16, 0, 0, 167, 0, 0], [36386, 2, 2170, 0, 1, 0, 0, 4, 3, 0, 0], [610, 0, 384, 0, 0, 4, 0, 2, 11, 0, 0]]}
root - INFO - New best marine debris model saved with IoU: 0.007292065517974899
root - INFO - New best overall model saved with IoU: 0.10921339462270199
root - INFO - Model for epoch 1 saved to C:\Users\HP\Downloads\Marine-Debris-Detection-main\Marine-Debris-Detection-main\semantic_segmentation\unet\trained_models\1
root - INFO - Class-Specific IoU: [0.007292065517974899, 0.2100336053768603, 0.014340725003319612, 0.0, 0.10185986159169551, 0.2162189714052704, 0.0, 0.5808693715903488, 0.07073274036425244, 0.0, 0.0]
root - INFO - Confusion Matrix:
[[  857    19   162     5    19    13     0     0     0     0     0]
 [   39   875   251     2     0     0     0     0     0     0     0]
 [  209    64   108     4     0     0     0     0     0     0     0]
 [   83     1     7     0     0     0     0     1     0     0     0]
 [  562    57    51    16   471    46    21    10    99     7     0]
 [ 9829   305   595   114  2535  4242    27    69  1539     7     0]
 [21489   172  2261     8    61    56     0    95   128     0     0]
 [47170  2365  1256   720   578   222     0 73042   212     0     0]
 [   73    14     9     0    90    16     0     0   167     0     0]
 [36386     2  2170     0     1     0     0     4     3     0     0]
 [  610     0   384     0     0     4     0     2    11     0     0]]
root - INFO - Training loss was: 2.897968992396662
root - INFO - 

root - INFO - Test loss was: 2.7298063718253722
root - INFO - STATISTICS AFTER EPOCH 2: 

root - INFO - Evaluation: {'macroPrec': 0.20109936235104184, 'microPrec': 0.5782442210772306, 'weightPrec': 0.5397278346825211, 'macroRec': 0.29651276008776395, 'microRec': 0.5782442210772306, 'weightRec': 0.5782442210772306, 'macroF1': 0.17240330808976118, 'microF1': 0.5782442210772306, 'weightF1': 0.5283133805229452, 'subsetAcc': 0.5782442210772306, 'IoU': 0.12125397903712538, 'classIoU': [0.024162881588676455, 0.14193548387096774, 0.04782882315921964, 0.0006464124111182935, 0.15913006029285098, 0.24777553083923154, 0.0001234821979831241, 0.7089766453315093, 0.0032144497168222867, 0.0, 0.0], 'confusionMatrix': [[915, 25, 8, 18, 20, 0, 0, 88, 1, 0, 0], [20, 484, 663, 0, 0, 0, 0, 0, 0, 0, 0], [75, 181, 76, 0, 0, 0, 0, 52, 1, 0, 0], [69, 8, 3, 1, 0, 0, 0, 11, 0, 0, 0], [509, 5, 1, 53, 739, 14, 0, 8, 11, 0, 0], [10590, 449, 165, 93, 2808, 4901, 24, 131, 101, 0, 0], [7458, 1384, 343, 64, 77, 233, 3, 14533, 175, 0, 0], [4601, 89, 1, 1224, 121, 270, 0, 116085, 3174, 0, 0], [89, 3, 0, 0, 252, 1, 0, 3, 21, 0, 0], [12850, 18, 2, 3, 4, 0, 0, 23154, 2535, 0, 0], [532, 81, 18, 0, 22, 0, 1, 191, 166, 0, 0]]}
root - INFO - New best marine debris model saved with IoU: 0.024162881588676455
root - INFO - New best overall model saved with IoU: 0.12125397903712538
root - INFO - Model for epoch 2 saved to C:\Users\HP\Downloads\Marine-Debris-Detection-main\Marine-Debris-Detection-main\semantic_segmentation\unet\trained_models\2
root - INFO - Class-Specific IoU: [0.024162881588676455, 0.14193548387096774, 0.04782882315921964, 0.0006464124111182935, 0.15913006029285098, 0.24777553083923154, 0.0001234821979831241, 0.7089766453315093, 0.0032144497168222867, 0.0, 0.0]
root - INFO - Confusion Matrix:
[[   915     25      8     18     20      0      0     88      1      0
       0]
 [    20    484    663      0      0      0      0      0      0      0
       0]
 [    75    181     76      0      0      0      0     52      1      0
       0]
 [    69      8      3      1      0      0      0     11      0      0
       0]
 [   509      5      1     53    739     14      0      8     11      0
       0]
 [ 10590    449    165     93   2808   4901     24    131    101      0
       0]
 [  7458   1384    343     64     77    233      3  14533    175      0
       0]
 [  4601     89      1   1224    121    270      0 116085   3174      0
       0]
 [    89      3      0      0    252      1      0      3     21      0
       0]
 [ 12850     18      2      3      4      0      0  23154   2535      0
       0]
 [   532     81     18      0     22      0      1    191    166      0
       0]]
root - INFO - Training loss was: 2.7404471686876466
root - INFO - 

root - INFO - Test loss was: 2.6872407403912217
root - INFO - STATISTICS AFTER EPOCH 3: 

root - INFO - Evaluation: {'macroPrec': 0.21445438424449706, 'microPrec': 0.5618811648881756, 'weightPrec': 0.5114379252487988, 'macroRec': 0.31043993893417615, 'microRec': 0.5618811648881756, 'weightRec': 0.5618811648881756, 'macroF1': 0.1966868641484953, 'microF1': 0.5618811648881756, 'weightF1': 0.5105645530942594, 'subsetAcc': 0.5618811648881756, 'IoU': 0.14197493027405847, 'classIoU': [0.03007040461447112, 0.014125594963918317, 0.04216216216216216, 0.0, 0.3311461067366579, 0.490449148167269, 0.0, 0.6109553493357402, 0.04201680672268908, 0.0007986603117351539, 0.0], 'confusionMatrix': [[709, 7, 12, 7, 23, 0, 0, 317, 0, 0, 0], [8, 184, 975, 0, 0, 0, 0, 0, 0, 0, 0], [74, 111, 156, 0, 0, 0, 0, 39, 0, 5, 0], [43, 5, 17, 0, 0, 0, 0, 27, 0, 0, 0], [549, 2, 1, 8, 757, 0, 3, 14, 6, 0, 0], [7984, 59, 235, 81, 576, 9500, 4, 634, 189, 0, 0], [8476, 636, 326, 31, 218, 86, 0, 14054, 202, 241, 0], [3381, 11032, 1749, 537, 37, 0, 1, 108301, 527, 0, 0], [148, 0, 0, 0, 82, 22, 1, 16, 100, 0, 0], [1358, 4, 0, 0, 5, 0, 0, 36175, 993, 31, 0], [482, 3, 0, 0, 5, 0, 0, 424, 94, 3, 0]]}
root - INFO - New best marine debris model saved with IoU: 0.03007040461447112
root - INFO - New best overall model saved with IoU: 0.14197493027405847
root - INFO - Model for epoch 3 saved to C:\Users\HP\Downloads\Marine-Debris-Detection-main\Marine-Debris-Detection-main\semantic_segmentation\unet\trained_models\3
root - INFO - Class-Specific IoU: [0.03007040461447112, 0.014125594963918317, 0.04216216216216216, 0.0, 0.3311461067366579, 0.490449148167269, 0.0, 0.6109553493357402, 0.04201680672268908, 0.0007986603117351539, 0.0]
root - INFO - Confusion Matrix:
[[   709      7     12      7     23      0      0    317      0      0
       0]
 [     8    184    975      0      0      0      0      0      0      0
       0]
 [    74    111    156      0      0      0      0     39      0      5
       0]
 [    43      5     17      0      0      0      0     27      0      0
       0]
 [   549      2      1      8    757      0      3     14      6      0
       0]
 [  7984     59    235     81    576   9500      4    634    189      0
       0]
 [  8476    636    326     31    218     86      0  14054    202    241
       0]
 [  3381  11032   1749    537     37      0      1 108301    527      0
       0]
 [   148      0      0      0     82     22      1     16    100      0
       0]
 [  1358      4      0      0      5      0      0  36175    993     31
       0]
 [   482      3      0      0      5      0      0    424     94      3
       0]]
root - INFO - Training loss was: 2.5289875493147296
root - INFO - 

root - INFO - Test loss was: 1.9993200166704437
root - INFO - STATISTICS AFTER EPOCH 4: 

root - INFO - Evaluation: {'macroPrec': 0.2728785837173483, 'microPrec': 0.6352028606019653, 'weightPrec': 0.6045039830378132, 'macroRec': 0.3425156426129644, 'microRec': 0.6352028606019653, 'weightRec': 0.6352028606019653, 'macroF1': 0.1949144264899519, 'microF1': 0.6352028606019653, 'weightF1': 0.5528050557560934, 'subsetAcc': 0.6352028606019653, 'IoU': 0.1402674261653729, 'classIoU': [0.04173734258545361, 0.059713375796178345, 0.08139534883720931, 0.0, 0.1306497175141243, 0.46311814607903995, 0.0, 0.7116564065855404, 0.04710845491298998, 0.007562895508566137, 0.0], 'confusionMatrix': [[812, 0, 2, 10, 12, 0, 0, 201, 38, 0, 0], [24, 75, 1067, 1, 0, 0, 0, 0, 0, 0, 0], [172, 60, 133, 8, 0, 0, 0, 12, 0, 0, 0], [75, 0, 0, 0, 0, 0, 0, 15, 2, 0, 0], [612, 0, 0, 94, 555, 0, 0, 6, 73, 0, 0], [5459, 7, 50, 86, 2654, 8953, 0, 362, 1691, 0, 0], [10124, 22, 129, 31, 231, 66, 0, 12117, 1375, 175, 0], [837, 0, 0, 122, 3, 0, 0, 124273, 330, 0, 0], [86, 0, 0, 0, 7, 4, 0, 3, 268, 1, 0], [809, 0, 1, 3, 1, 0, 0, 36210, 1248, 294, 0], [182, 0, 0, 0, 0, 0, 0, 134, 563, 132, 0]]}
root - INFO - New best marine debris model saved with IoU: 0.04173734258545361
root - INFO - Model for epoch 4 saved to C:\Users\HP\Downloads\Marine-Debris-Detection-main\Marine-Debris-Detection-main\semantic_segmentation\unet\trained_models\4
root - INFO - Class-Specific IoU: [0.04173734258545361, 0.059713375796178345, 0.08139534883720931, 0.0, 0.1306497175141243, 0.46311814607903995, 0.0, 0.7116564065855404, 0.04710845491298998, 0.007562895508566137, 0.0]
root - INFO - Confusion Matrix:
[[   812      0      2     10     12      0      0    201     38      0
       0]
 [    24     75   1067      1      0      0      0      0      0      0
       0]
 [   172     60    133      8      0      0      0     12      0      0
       0]
 [    75      0      0      0      0      0      0     15      2      0
       0]
 [   612      0      0     94    555      0      0      6     73      0
       0]
 [  5459      7     50     86   2654   8953      0    362   1691      0
       0]
 [ 10124     22    129     31    231     66      0  12117   1375    175
       0]
 [   837      0      0    122      3      0      0 124273    330      0
       0]
 [    86      0      0      0      7      4      0      3    268      1
       0]
 [   809      0      1      3      1      0      0  36210   1248    294
       0]
 [   182      0      0      0      0      0      0    134    563    132
       0]]
root - INFO - Training loss was: 2.40389780136904
root - INFO - 

root - INFO - Test loss was: 2.1393873167266646
root - INFO - STATISTICS AFTER EPOCH 5: 

root - INFO - Evaluation: {'macroPrec': 0.3144978096710252, 'microPrec': 0.7345918855759214, 'weightPrec': 0.7763328838702138, 'macroRec': 0.4789694322672574, 'microRec': 0.7345918855759214, 'weightRec': 0.7345918855759214, 'macroF1': 0.27944743332525346, 'microF1': 0.7345918855759214, 'weightF1': 0.7222887468148638, 'subsetAcc': 0.7345918855759214, 'IoU': 0.2121645635215713, 'classIoU': [0.050290961507661096, 0.0018140589569160999, 0.08987743985474353, 0.010688836104513063, 0.3018867924528302, 0.5277394283376796, 0.001807352639145615, 0.8600046260925639, 0.049300357956394404, 0.44040034483483675, 0.0], 'confusionMatrix': [[942, 0, 0, 26, 49, 0, 0, 48, 0, 10, 0], [4, 4, 1148, 11, 0, 0, 0, 0, 0, 0, 0], [121, 0, 198, 66, 0, 0, 0, 0, 0, 0, 0], [73, 0, 0, 18, 0, 0, 0, 1, 0, 0, 0], [176, 0, 0, 16, 1072, 1, 0, 0, 75, 0, 0], [4038, 2, 167, 631, 1411, 10321, 32, 90, 2456, 114, 0], [11007, 1031, 497, 242, 721, 241, 44, 1147, 707, 8633, 0], [1029, 0, 2, 599, 1, 0, 43, 122696, 1195, 0, 0], [48, 0, 0, 1, 15, 2, 0, 0, 303, 0, 0], [949, 5, 3, 0, 14, 43, 0, 15712, 895, 20945, 0], [211, 0, 1, 0, 0, 8, 0, 106, 449, 236, 0]]}
root - INFO - New best marine debris model saved with IoU: 0.050290961507661096
root - INFO - New best overall model saved with IoU: 0.2121645635215713
root - INFO - Model for epoch 5 saved to C:\Users\HP\Downloads\Marine-Debris-Detection-main\Marine-Debris-Detection-main\semantic_segmentation\unet\trained_models\5
root - INFO - Class-Specific IoU: [0.050290961507661096, 0.0018140589569160999, 0.08987743985474353, 0.010688836104513063, 0.3018867924528302, 0.5277394283376796, 0.001807352639145615, 0.8600046260925639, 0.049300357956394404, 0.44040034483483675, 0.0]
root - INFO - Confusion Matrix:
[[   942      0      0     26     49      0      0     48      0     10
       0]
 [     4      4   1148     11      0      0      0      0      0      0
       0]
 [   121      0    198     66      0      0      0      0      0      0
       0]
 [    73      0      0     18      0      0      0      1      0      0
       0]
 [   176      0      0     16   1072      1      0      0     75      0
       0]
 [  4038      2    167    631   1411  10321     32     90   2456    114
       0]
 [ 11007   1031    497    242    721    241     44   1147    707   8633
       0]
 [  1029      0      2    599      1      0     43 122696   1195      0
       0]
 [    48      0      0      1     15      2      0      0    303      0
       0]
 [   949      5      3      0     14     43      0  15712    895  20945
       0]
 [   211      0      1      0      0      8      0    106    449    236
       0]]
root - INFO - Training loss was: 2.3027942011920213
root - INFO - 

root - INFO - Test loss was: 1.8355427270756763
root - INFO - STATISTICS AFTER EPOCH 6: 

root - INFO - Evaluation: {'macroPrec': 0.3677703491828199, 'microPrec': 0.7363797618042064, 'weightPrec': 0.8309356783217887, 'macroRec': 0.4966065927593982, 'microRec': 0.7363797618042064, 'weightRec': 0.7363797618042064, 'macroF1': 0.28838025742284434, 'microF1': 0.7363797618042064, 'weightF1': 0.7247806406050104, 'subsetAcc': 0.7363797618042064, 'IoU': 0.22367250914500686, 'classIoU': [0.03877871193531518, 0.010620915032679739, 0.06452328159645233, 0.008241758241758242, 0.31420454545454546, 0.6853448275862069, 0.0022622573214873313, 0.8539620573933292, 0.07948094079480941, 0.4029783052384912, 0.0], 'confusionMatrix': [[964, 0, 0, 55, 38, 0, 0, 18, 0, 0, 0], [6, 13, 1133, 15, 0, 0, 0, 0, 0, 0, 0], [79, 0, 291, 15, 0, 0, 0, 0, 0, 0, 0], [86, 0, 0, 6, 0, 0, 0, 0, 0, 0, 0], [152, 0, 0, 16, 1106, 1, 0, 0, 65, 0, 0], [2937, 2, 191, 206, 1205, 13515, 11, 212, 906, 77, 0], [18178, 50, 2735, 83, 838, 437, 55, 329, 666, 899, 0], [350, 0, 24, 245, 47, 8, 31, 124687, 172, 1, 0], [36, 0, 0, 0, 35, 4, 0, 0, 294, 0, 0], [1697, 5, 42, 1, 10, 0, 0, 19854, 964, 15993, 0], [263, 0, 0, 0, 7, 8, 0, 32, 557, 144, 0]]}
root - INFO - New best overall model saved with IoU: 0.22367250914500686
root - INFO - Model for epoch 6 saved to C:\Users\HP\Downloads\Marine-Debris-Detection-main\Marine-Debris-Detection-main\semantic_segmentation\unet\trained_models\6
root - INFO - Class-Specific IoU: [0.03877871193531518, 0.010620915032679739, 0.06452328159645233, 0.008241758241758242, 0.31420454545454546, 0.6853448275862069, 0.0022622573214873313, 0.8539620573933292, 0.07948094079480941, 0.4029783052384912, 0.0]
root - INFO - Confusion Matrix:
[[   964      0      0     55     38      0      0     18      0      0
       0]
 [     6     13   1133     15      0      0      0      0      0      0
       0]
 [    79      0    291     15      0      0      0      0      0      0
       0]
 [    86      0      0      6      0      0      0      0      0      0
       0]
 [   152      0      0     16   1106      1      0      0     65      0
       0]
 [  2937      2    191    206   1205  13515     11    212    906     77
       0]
 [ 18178     50   2735     83    838    437     55    329    666    899
       0]
 [   350      0     24    245     47      8     31 124687    172      1
       0]
 [    36      0      0      0     35      4      0      0    294      0
       0]
 [  1697      5     42      1     10      0      0  19854    964  15993
       0]
 [   263      0      0      0      7      8      0     32    557    144
       0]]
root - INFO - Training loss was: 2.279961839512518
root - INFO - 

root - INFO - Test loss was: 2.124932297348955
root - INFO - STATISTICS AFTER EPOCH 7: 

root - INFO - Evaluation: {'macroPrec': 0.34379168103462054, 'microPrec': 0.6835177520623926, 'weightPrec': 0.7549077032252848, 'macroRec': 0.38343232884056105, 'microRec': 0.6835177520623926, 'weightRec': 0.6835177520623926, 'macroF1': 0.23148242286180096, 'microF1': 0.6835177520623926, 'weightF1': 0.6472713531689004, 'subsetAcc': 0.6835177520623926, 'IoU': 0.1755977097054491, 'classIoU': [0.0353731074260995, 0.0017064846416382253, 0.07489451476793249, 0.0, 0.13392070484581498, 0.6606566613737643, 0.01460632667295778, 0.787598944591029, 0.06043956043956044, 0.1623785020011435, 0.0], 'confusionMatrix': [[785, 0, 0, 13, 7, 4, 0, 122, 144, 0, 0], [22, 2, 1142, 1, 0, 0, 0, 0, 0, 0, 0], [218, 0, 142, 17, 0, 0, 0, 1, 7, 0, 0], [68, 0, 0, 0, 0, 0, 0, 6, 18, 0, 0], [378, 0, 0, 21, 456, 1, 3, 1, 480, 0, 0], [3328, 0, 103, 122, 1436, 12898, 100, 248, 990, 37, 0], [14368, 5, 236, 28, 619, 256, 356, 1624, 1919, 4859, 0], [1475, 0, 30, 406, 0, 0, 0, 123579, 74, 1, 0], [26, 0, 0, 0, 1, 0, 0, 1, 341, 0, 0], [989, 0, 0, 0, 2, 0, 0, 29309, 1166, 7100, 0], [245, 0, 0, 0, 0, 0, 0, 29, 475, 262, 0]]}
root - INFO - Model for epoch 7 saved to C:\Users\HP\Downloads\Marine-Debris-Detection-main\Marine-Debris-Detection-main\semantic_segmentation\unet\trained_models\7
root - INFO - Class-Specific IoU: [0.0353731074260995, 0.0017064846416382253, 0.07489451476793249, 0.0, 0.13392070484581498, 0.6606566613737643, 0.01460632667295778, 0.787598944591029, 0.06043956043956044, 0.1623785020011435, 0.0]
root - INFO - Confusion Matrix:
[[   785      0      0     13      7      4      0    122    144      0
       0]
 [    22      2   1142      1      0      0      0      0      0      0
       0]
 [   218      0    142     17      0      0      0      1      7      0
       0]
 [    68      0      0      0      0      0      0      6     18      0
       0]
 [   378      0      0     21    456      1      3      1    480      0
       0]
 [  3328      0    103    122   1436  12898    100    248    990     37
       0]
 [ 14368      5    236     28    619    256    356   1624   1919   4859
       0]
 [  1475      0     30    406      0      0      0 123579     74      1
       0]
 [    26      0      0      0      1      0      0      1    341      0
       0]
 [   989      0      0      0      2      0      0  29309   1166   7100
       0]
 [   245      0      0      0      0      0      0     29    475    262
       0]]
root - INFO - Training loss was: 2.1605594437881557
root - INFO - 

root - INFO - Test loss was: 1.9107079684078168
root - INFO - STATISTICS AFTER EPOCH 8: 

root - INFO - Evaluation: {'macroPrec': 0.3102660509416691, 'microPrec': 0.645643870071609, 'weightPrec': 0.7738939860268577, 'macroRec': 0.38332275324516485, 'microRec': 0.645643870071609, 'weightRec': 0.645643870071609, 'macroF1': 0.17912607795761948, 'microF1': 0.645643870071609, 'weightF1': 0.6125820327809318, 'subsetAcc': 0.645643870071609, 'IoU': 0.12905943945664322, 'classIoU': [0.03407238961531173, 0.0025, 0.07781587971511475, 0.0011792452830188679, 0.07595863457490619, 0.2156501254673017, 0.02105007488968951, 0.8122656494115197, 0.03353658536585366, 0.14562524970035956, 0.0], 'confusionMatrix': [[899, 0, 0, 9, 12, 0, 7, 121, 26, 1, 0], [6, 3, 1157, 1, 0, 0, 0, 0, 0, 0, 0], [72, 2, 295, 16, 0, 0, 0, 0, 0, 0, 0], [83, 0, 0, 1, 0, 0, 0, 6, 2, 0, 0], [444, 2, 1, 27, 830, 0, 1, 6, 25, 4, 0], [4863, 2, 216, 266, 8844, 4211, 125, 276, 415, 44, 0], [18048, 26, 2021, 143, 658, 265, 520, 401, 924, 1264, 0], [384, 0, 4, 292, 0, 0, 100, 124777, 8, 0, 0], [82, 0, 0, 0, 56, 0, 4, 4, 220, 3, 0], [1201, 1, 7, 2, 13, 0, 0, 27234, 4276, 5832, 0], [127, 0, 0, 0, 4, 0, 196, 3, 515, 166, 0]]}
root - INFO - Model for epoch 8 saved to C:\Users\HP\Downloads\Marine-Debris-Detection-main\Marine-Debris-Detection-main\semantic_segmentation\unet\trained_models\8
root - INFO - Class-Specific IoU: [0.03407238961531173, 0.0025, 0.07781587971511475, 0.0011792452830188679, 0.07595863457490619, 0.2156501254673017, 0.02105007488968951, 0.8122656494115197, 0.03353658536585366, 0.14562524970035956, 0.0]
root - INFO - Confusion Matrix:
[[   899      0      0      9     12      0      7    121     26      1
       0]
 [     6      3   1157      1      0      0      0      0      0      0
       0]
 [    72      2    295     16      0      0      0      0      0      0
       0]
 [    83      0      0      1      0      0      0      6      2      0
       0]
 [   444      2      1     27    830      0      1      6     25      4
       0]
 [  4863      2    216    266   8844   4211    125    276    415     44
       0]
 [ 18048     26   2021    143    658    265    520    401    924   1264
       0]
 [   384      0      4    292      0      0    100 124777      8      0
       0]
 [    82      0      0      0     56      0      4      4    220      3
       0]
 [  1201      1      7      2     13      0      0  27234   4276   5832
       0]
 [   127      0      0      0      4      0    196      3    515    166
       0]]
root - INFO - Training loss was: 2.121628242054021
root - INFO - 

root - INFO - Test loss was: 1.698947844986976
root - INFO - STATISTICS AFTER EPOCH 9: 

root - INFO - Evaluation: {'macroPrec': 0.4722446357869124, 'microPrec': 0.8673311372019034, 'weightPrec': 0.9394517130797889, 'macroRec': 0.6214532058515911, 'microRec': 0.8673311372019034, 'weightRec': 0.8673311372019034, 'macroF1': 0.44159421918280634, 'microF1': 0.8673311372019034, 'weightF1': 0.8848848153447704, 'subsetAcc': 0.8673311372019034, 'IoU': 0.3633454070407498, 'classIoU': [0.0716012084592145, 0.6978653530377669, 0.13674812030075187, 0.014492753623188406, 0.16463022508038586, 0.6503701418877236, 0.32466120451986175, 0.9686820254940942, 0.07901422764227642, 0.8887342174029843, 0.0], 'confusionMatrix': [[948, 0, 0, 47, 8, 0, 11, 6, 55, 0, 0], [2, 850, 313, 2, 0, 0, 0, 0, 0, 0, 0], [74, 6, 291, 14, 0, 0, 0, 0, 0, 0, 0], [76, 0, 0, 11, 0, 0, 0, 0, 5, 0, 0], [389, 3, 1, 124, 768, 0, 3, 0, 48, 4, 0], [2776, 7, 201, 287, 1807, 12651, 1194, 100, 129, 110, 0], [8393, 33, 1222, 183, 1503, 185, 8361, 1490, 1274, 1626, 0], [55, 0, 1, 5, 0, 0, 266, 124248, 987, 3, 0], [40, 0, 0, 0, 0, 1, 0, 6, 311, 11, 0], [341, 2, 5, 5, 7, 0, 3, 1098, 714, 36391, 0], [19, 0, 0, 0, 0, 4, 6, 0, 355, 627, 0]]}
root - INFO - New best marine debris model saved with IoU: 0.0716012084592145
root - INFO - New best overall model saved with IoU: 0.3633454070407498
root - INFO - Model for epoch 9 saved to C:\Users\HP\Downloads\Marine-Debris-Detection-main\Marine-Debris-Detection-main\semantic_segmentation\unet\trained_models\9
root - INFO - Class-Specific IoU: [0.0716012084592145, 0.6978653530377669, 0.13674812030075187, 0.014492753623188406, 0.16463022508038586, 0.6503701418877236, 0.32466120451986175, 0.9686820254940942, 0.07901422764227642, 0.8887342174029843, 0.0]
root - INFO - Confusion Matrix:
[[   948      0      0     47      8      0     11      6     55      0
       0]
 [     2    850    313      2      0      0      0      0      0      0
       0]
 [    74      6    291     14      0      0      0      0      0      0
       0]
 [    76      0      0     11      0      0      0      0      5      0
       0]
 [   389      3      1    124    768      0      3      0     48      4
       0]
 [  2776      7    201    287   1807  12651   1194    100    129    110
       0]
 [  8393     33   1222    183   1503    185   8361   1490   1274   1626
       0]
 [    55      0      1      5      0      0    266 124248    987      3
       0]
 [    40      0      0      0      0      1      0      6    311     11
       0]
 [   341      2      5      5      7      0      3   1098    714  36391
       0]
 [    19      0      0      0      0      4      6      0    355    627
       0]]
root - INFO - Training loss was: 2.0467506147629724
root - INFO - 

root - INFO - Test loss was: 1.6135736344032945
root - INFO - STATISTICS AFTER EPOCH 10: 

root - INFO - Evaluation: {'macroPrec': 0.43772407975924527, 'microPrec': 0.8477818134039099, 'weightPrec': 0.8659573448648409, 'macroRec': 0.5803892066068413, 'microRec': 0.8477818134039099, 'weightRec': 0.8477818134039099, 'macroF1': 0.4210248165309135, 'microF1': 0.8477818134039099, 'weightF1': 0.8320351460946109, 'subsetAcc': 0.8477818134039099, 'IoU': 0.34098369222476393, 'classIoU': [0.07639585422935473, 0.6388657214345288, 0.19312436804853386, 0.013824884792626729, 0.20646288209606986, 0.6930213795885438, 0.04302578440509475, 0.9912276538522385, 0.15590062111801242, 0.7389714649074001, 0.0], 'confusionMatrix': [[914, 0, 0, 10, 71, 0, 1, 70, 7, 2, 0], [2, 766, 393, 6, 0, 0, 0, 0, 0, 0, 0], [143, 3, 191, 48, 0, 0, 0, 0, 0, 0, 0], [80, 0, 0, 9, 0, 0, 0, 3, 0, 0, 0], [104, 1, 0, 26, 1182, 0, 7, 2, 14, 4, 0], [948, 3, 36, 162, 2618, 13744, 1362, 172, 44, 111, 62], [9099, 25, 146, 213, 1610, 566, 1108, 544, 109, 10849, 1], [15, 0, 27, 91, 0, 0, 107, 125311, 13, 1, 0], [28, 0, 0, 0, 67, 3, 1, 2, 251, 17, 0], [450, 0, 0, 3, 19, 1, 3, 62, 840, 37188, 0], [20, 0, 2, 0, 0, 0, 1, 0, 214, 774, 0]]}
root - INFO - New best marine debris model saved with IoU: 0.07639585422935473
root - INFO - Model for epoch 10 saved to C:\Users\HP\Downloads\Marine-Debris-Detection-main\Marine-Debris-Detection-main\semantic_segmentation\unet\trained_models\10
root - INFO - Class-Specific IoU: [0.07639585422935473, 0.6388657214345288, 0.19312436804853386, 0.013824884792626729, 0.20646288209606986, 0.6930213795885438, 0.04302578440509475, 0.9912276538522385, 0.15590062111801242, 0.7389714649074001, 0.0]
root - INFO - Confusion Matrix:
[[   914      0      0     10     71      0      1     70      7      2
       0]
 [     2    766    393      6      0      0      0      0      0      0
       0]
 [   143      3    191     48      0      0      0      0      0      0
       0]
 [    80      0      0      9      0      0      0      3      0      0
       0]
 [   104      1      0     26   1182      0      7      2     14      4
       0]
 [   948      3     36    162   2618  13744   1362    172     44    111
      62]
 [  9099     25    146    213   1610    566   1108    544    109  10849
       1]
 [    15      0     27     91      0      0    107 125311     13      1
       0]
 [    28      0      0      0     67      3      1      2    251     17
       0]
 [   450      0      0      3     19      1      3     62    840  37188
       0]
 [    20      0      2      0      0      0      1      0    214    774
       0]]
root - INFO - **********
root - INFO - parsed input parameters:
root - INFO - {
  "agg_to_water": true,
  "mode": "train",
  "epochs": 45,
  "batch": 5,
  "resume_from_epoch": 0,
  "input_channels": 11,
  "output_channels": 11,
  "hidden_channels": 16,
  "weight_param": 1.03,
  "lr": 0.0002,
  "decay": 0,
  "reduce_lr_on_plateau": 0,
  "lr_steps": [
    40
  ],
  "checkpoint_path": "C:\\Users\\HP\\Downloads\\Marine-Debris-Detection-main\\Marine-Debris-Detection-main\\semantic_segmentation\\unet\\trained_models",
  "eval_every": 1,
  "num_workers": 0,
  "pin_memory": true,
  "persistent_workers": false,
  "tensorboard": "tsboard_segm",
  "weighting_mechanism": "inverse",
  "paste_class": 0,
  "model_architecture": "unet++"
}
root - INFO - **********
root - INFO - parsed input parameters:
root - INFO - {
  "agg_to_water": true,
  "mode": "train",
  "epochs": 45,
  "batch": 5,
  "resume_from_epoch": 0,
  "input_channels": 11,
  "output_channels": 11,
  "hidden_channels": 16,
  "weight_param": 1.03,
  "lr": 0.0002,
  "decay": 0,
  "reduce_lr_on_plateau": 0,
  "lr_steps": [
    40
  ],
  "checkpoint_path": "C:\\Users\\HP\\Downloads\\Marine-Debris-Detection-main\\Marine-Debris-Detection-main\\semantic_segmentation\\unet\\trained_models",
  "eval_every": 1,
  "num_workers": 0,
  "pin_memory": true,
  "persistent_workers": false,
  "tensorboard": "tsboard_segm",
  "weighting_mechanism": "inverse",
  "paste_class": 0,
  "model_architecture": "unet++"
}
root - INFO - Class Weights: tensor([ 7.1354, 47.8071, 38.1230, 29.9872, 10.1568,  0.6173,  0.3467,  0.2695,
        79.5262,  0.4743,  2.9000])
root - INFO - Inverse Class Weights: tensor([0.0790, 0.1759, 0.1406, 0.2126, 0.0466, 0.0023, 0.0015, 0.0010, 0.3276,
        0.0018, 0.0111])
root - INFO - Using inverse class weighting mechanism.
root - INFO - Checkpoint directory: C:\Users\HP\Downloads\Marine-Debris-Detection-main\Marine-Debris-Detection-main\semantic_segmentation\unet\trained_models
root - INFO - Best marine debris model will be saved to: C:\Users\HP\Downloads\Marine-Debris-Detection-main\Marine-Debris-Detection-main\semantic_segmentation\unet\trained_models\best_model_marine_debris.pth
root - INFO - Best overall model will be saved to: C:\Users\HP\Downloads\Marine-Debris-Detection-main\Marine-Debris-Detection-main\semantic_segmentation\unet\trained_models\best_model_overall.pth
root - INFO - Training loss was: 3.321142891043835
root - INFO - 

root - INFO - Test loss was: 2.935915070492303
root - INFO - STATISTICS AFTER EPOCH 1: 

root - INFO - Evaluation: {'macroPrec': 0.26620315543818523, 'microPrec': 0.45240776717252773, 'weightPrec': 0.7554246358625779, 'macroRec': 0.28558425699465284, 'microRec': 0.45240776717252773, 'weightRec': 0.45240776717252773, 'macroF1': 0.14153308956961982, 'microF1': 0.45240776717252773, 'weightF1': 0.5265713766258555, 'subsetAcc': 0.45240776717252773, 'IoU': 0.10372987891521995, 'classIoU': [0.012887643349681035, 0.02331297127040183, 0.01052170100832968, 0.0, 0.08281708509944571, 0.3038092770147707, 0.0005355524429430667, 0.6942806673209029, 0.012863770560944749, 0.0, 0.0], 'confusionMatrix': [[699, 315, 16, 6, 0, 1, 0, 0, 38, 0, 0], [9, 977, 181, 0, 0, 0, 0, 0, 0, 0, 0], [91, 206, 48, 0, 0, 0, 0, 0, 40, 0, 0], [37, 45, 8, 0, 0, 0, 0, 0, 2, 0, 0], [813, 98, 48, 10, 254, 30, 2, 5, 79, 0, 1], [9620, 1124, 464, 0, 1636, 5862, 0, 28, 528, 0, 0], [6062, 13102, 902, 2, 2, 1, 13, 1771, 2415, 0, 0], [5047, 23872, 1635, 5904, 0, 0, 0, 88434, 673, 0, 0], [135, 17, 2, 0, 88, 1, 2, 2, 122, 0, 0], [30768, 1664, 845, 0, 1, 0, 0, 4, 5284, 0, 0], [581, 298, 76, 0, 0, 0, 0, 0, 56, 0, 0]]}
root - INFO - New best marine debris model saved with IoU: 0.012887643349681035
root - INFO - New best overall model saved with IoU: 0.10372987891521995
root - INFO - Model for epoch 1 saved to C:\Users\HP\Downloads\Marine-Debris-Detection-main\Marine-Debris-Detection-main\semantic_segmentation\unet\trained_models\1
root - INFO - Class-Specific IoU: [0.012887643349681035, 0.02331297127040183, 0.01052170100832968, 0.0, 0.08281708509944571, 0.3038092770147707, 0.0005355524429430667, 0.6942806673209029, 0.012863770560944749, 0.0, 0.0]
root - INFO - Confusion Matrix:
[[  699   315    16     6     0     1     0     0    38     0     0]
 [    9   977   181     0     0     0     0     0     0     0     0]
 [   91   206    48     0     0     0     0     0    40     0     0]
 [   37    45     8     0     0     0     0     0     2     0     0]
 [  813    98    48    10   254    30     2     5    79     0     1]
 [ 9620  1124   464     0  1636  5862     0    28   528     0     0]
 [ 6062 13102   902     2     2     1    13  1771  2415     0     0]
 [ 5047 23872  1635  5904     0     0     0 88434   673     0     0]
 [  135    17     2     0    88     1     2     2   122     0     0]
 [30768  1664   845     0     1     0     0     4  5284     0     0]
 [  581   298    76     0     0     0     0     0    56     0     0]]
root - INFO - Training loss was: 2.900849497740051
root - INFO - 

root - INFO - Test loss was: 2.9527907288953537
root - INFO - STATISTICS AFTER EPOCH 2: 

root - INFO - Evaluation: {'macroPrec': 0.21619935947083538, 'microPrec': 0.09864290339837262, 'weightPrec': 0.318483438824694, 'macroRec': 0.30733434636974477, 'microRec': 0.09864290339837262, 'weightRec': 0.09864290339837262, 'macroF1': 0.14317287794186342, 'microF1': 0.09864290339837263, 'weightF1': 0.13652648586643268, 'subsetAcc': 0.09864290339837262, 'IoU': 0.0885907165887447, 'classIoU': [0.02237974900415471, 0.3152732368052312, 0.0937875751503006, 0.0, 0.11018476791347454, 0.3404531079890093, 0.015588495931684524, 0.07548026315789473, 0.001350686524442059, 0.0, 0.0], 'confusionMatrix': [[1045, 5, 17, 5, 3, 0, 0, 0, 0, 0, 0], [6, 675, 486, 0, 0, 0, 0, 0, 0, 0, 0], [93, 58, 234, 0, 0, 0, 0, 0, 0, 0, 0], [78, 3, 11, 0, 0, 0, 0, 0, 0, 0, 0], [769, 8, 4, 23, 489, 25, 10, 0, 12, 0, 0], [8027, 137, 382, 57, 2902, 6567, 207, 12, 970, 0, 1], [20894, 745, 824, 15, 81, 1, 387, 1241, 82, 0, 0], [2905, 6, 308, 1732, 12, 0, 336, 11473, 108793, 0, 0], [137, 0, 0, 0, 79, 1, 1, 0, 151, 0, 0], [11764, 12, 39, 3, 8, 0, 0, 25182, 1558, 0, 0], [946, 0, 39, 0, 13, 0, 2, 0, 11, 0, 0]]}
root - INFO - New best marine debris model saved with IoU: 0.02237974900415471
root - INFO - Model for epoch 2 saved to C:\Users\HP\Downloads\Marine-Debris-Detection-main\Marine-Debris-Detection-main\semantic_segmentation\unet\trained_models\2
root - INFO - Class-Specific IoU: [0.02237974900415471, 0.3152732368052312, 0.0937875751503006, 0.0, 0.11018476791347454, 0.3404531079890093, 0.015588495931684524, 0.07548026315789473, 0.001350686524442059, 0.0, 0.0]
root - INFO - Confusion Matrix:
[[  1045      5     17      5      3      0      0      0      0      0
       0]
 [     6    675    486      0      0      0      0      0      0      0
       0]
 [    93     58    234      0      0      0      0      0      0      0
       0]
 [    78      3     11      0      0      0      0      0      0      0
       0]
 [   769      8      4     23    489     25     10      0     12      0
       0]
 [  8027    137    382     57   2902   6567    207     12    970      0
       1]
 [ 20894    745    824     15     81      1    387   1241     82      0
       0]
 [  2905      6    308   1732     12      0    336  11473 108793      0
       0]
 [   137      0      0      0     79      1      1      0    151      0
       0]
 [ 11764     12     39      3      8      0      0  25182   1558      0
       0]
 [   946      0     39      0     13      0      2      0     11      0
       0]]
root - INFO - Training loss was: 2.7063938150636755
root - INFO - 

root - INFO - Test loss was: 2.5839890361189113
root - INFO - STATISTICS AFTER EPOCH 3: 

root - INFO - Evaluation: {'macroPrec': 0.3920890380188219, 'microPrec': 0.7479469925200138, 'weightPrec': 0.9158309795110858, 'macroRec': 0.4968757314739349, 'microRec': 0.7479469925200138, 'weightRec': 0.7479469925200138, 'macroF1': 0.3218882854688028, 'microF1': 0.7479469925200138, 'weightF1': 0.7834989169767058, 'subsetAcc': 0.7479469925200138, 'IoU': 0.25584778567858746, 'classIoU': [0.03304528171448323, 0.2547092547092547, 0.0202757502027575, 0.0, 0.2603951636685344, 0.5281540297887799, 0.028387569747077752, 0.8769827040306399, 0.030632809351068116, 0.7817430792518665, 0.0], 'confusionMatrix': [[956, 14, 48, 8, 24, 0, 0, 2, 23, 0, 0], [8, 933, 225, 1, 0, 0, 0, 0, 0, 0, 0], [60, 75, 250, 0, 0, 0, 0, 0, 0, 0, 0], [60, 15, 13, 0, 0, 0, 0, 2, 2, 0, 0], [429, 2, 0, 13, 883, 7, 5, 0, 1, 0, 0], [5688, 147, 1064, 91, 1455, 10177, 259, 40, 312, 29, 0], [17374, 204, 5051, 41, 358, 0, 697, 379, 140, 26, 0], [1111, 2026, 5491, 892, 0, 0, 0, 114947, 745, 353, 0], [86, 0, 0, 1, 205, 0, 0, 1, 76, 0, 0], [2325, 13, 53, 0, 4, 0, 8, 5072, 621, 30470, 0], [714, 0, 0, 0, 5, 0, 11, 10, 268, 3, 0]]}
root - INFO - New best marine debris model saved with IoU: 0.03304528171448323
root - INFO - New best overall model saved with IoU: 0.25584778567858746
root - INFO - Model for epoch 3 saved to C:\Users\HP\Downloads\Marine-Debris-Detection-main\Marine-Debris-Detection-main\semantic_segmentation\unet\trained_models\3
root - INFO - Class-Specific IoU: [0.03304528171448323, 0.2547092547092547, 0.0202757502027575, 0.0, 0.2603951636685344, 0.5281540297887799, 0.028387569747077752, 0.8769827040306399, 0.030632809351068116, 0.7817430792518665, 0.0]
root - INFO - Confusion Matrix:
[[   956     14     48      8     24      0      0      2     23      0
       0]
 [     8    933    225      1      0      0      0      0      0      0
       0]
 [    60     75    250      0      0      0      0      0      0      0
       0]
 [    60     15     13      0      0      0      0      2      2      0
       0]
 [   429      2      0     13    883      7      5      0      1      0
       0]
 [  5688    147   1064     91   1455  10177    259     40    312     29
       0]
 [ 17374    204   5051     41    358      0    697    379    140     26
       0]
 [  1111   2026   5491    892      0      0      0 114947    745    353
       0]
 [    86      0      0      1    205      0      0      1     76      0
       0]
 [  2325     13     53      0      4      0      8   5072    621  30470
       0]
 [   714      0      0      0      5      0     11     10    268      3
       0]]
root - INFO - Training loss was: 2.576966946795444
root - INFO - 

root - INFO - Test loss was: 2.2902532394335715
root - INFO - STATISTICS AFTER EPOCH 4: 

root - INFO - Evaluation: {'macroPrec': 0.33377099276053496, 'microPrec': 0.6431239500333173, 'weightPrec': 0.7759864763276907, 'macroRec': 0.41827477145373976, 'microRec': 0.6431239500333173, 'weightRec': 0.6431239500333173, 'macroF1': 0.23285861990984966, 'microF1': 0.6431239500333173, 'weightF1': 0.6098582224979161, 'subsetAcc': 0.6431239500333173, 'IoU': 0.17277223243938325, 'classIoU': [0.028576148001321442, 0.057498802108289414, 0.09481743227326266, 0.0, 0.22289766970618036, 0.5920611159861663, 8.239268352970256e-05, 0.7758713965530567, 0.057412398921832884, 0.07127720059957617, 0.0], 'confusionMatrix': [[1038, 0, 16, 6, 14, 0, 0, 1, 0, 0, 0], [11, 120, 1036, 0, 0, 0, 0, 0, 0, 0, 0], [58, 5, 322, 0, 0, 0, 0, 0, 0, 0, 0], [82, 1, 9, 0, 0, 0, 0, 0, 0, 0, 0], [655, 0, 2, 18, 660, 0, 0, 0, 5, 0, 0], [5441, 13, 143, 135, 1405, 11470, 4, 59, 555, 35, 2], [20248, 846, 1677, 73, 135, 111, 2, 408, 714, 55, 1], [2858, 0, 89, 1722, 0, 0, 0, 120468, 428, 0, 0], [98, 0, 0, 4, 52, 0, 0, 2, 213, 0, 0], [5327, 52, 39, 2, 12, 0, 0, 29211, 1165, 2758, 0], [471, 3, 0, 0, 3, 0, 0, 22, 474, 38, 0]]}
root - INFO - Model for epoch 4 saved to C:\Users\HP\Downloads\Marine-Debris-Detection-main\Marine-Debris-Detection-main\semantic_segmentation\unet\trained_models\4
root - INFO - Class-Specific IoU: [0.028576148001321442, 0.057498802108289414, 0.09481743227326266, 0.0, 0.22289766970618036, 0.5920611159861663, 8.239268352970256e-05, 0.7758713965530567, 0.057412398921832884, 0.07127720059957617, 0.0]
root - INFO - Confusion Matrix:
[[  1038      0     16      6     14      0      0      1      0      0
       0]
 [    11    120   1036      0      0      0      0      0      0      0
       0]
 [    58      5    322      0      0      0      0      0      0      0
       0]
 [    82      1      9      0      0      0      0      0      0      0
       0]
 [   655      0      2     18    660      0      0      0      5      0
       0]
 [  5441     13    143    135   1405  11470      4     59    555     35
       2]
 [ 20248    846   1677     73    135    111      2    408    714     55
       1]
 [  2858      0     89   1722      0      0      0 120468    428      0
       0]
 [    98      0      0      4     52      0      0      2    213      0
       0]
 [  5327     52     39      2     12      0      0  29211   1165   2758
       0]
 [   471      3      0      0      3      0      0     22    474     38
       0]]
root - INFO - Training loss was: 2.453399592049739
root - INFO - 

root - INFO - Test loss was: 2.4391822061854556
root - INFO - STATISTICS AFTER EPOCH 5: 

root - INFO - Evaluation: {'macroPrec': 0.35586214302299274, 'microPrec': 0.5771461553622209, 'weightPrec': 0.860547766799742, 'macroRec': 0.4709629345846034, 'microRec': 0.5771461553622209, 'weightRec': 0.5771461553622209, 'macroF1': 0.2623097672155122, 'microF1': 0.5771461553622209, 'weightF1': 0.6419834762110012, 'subsetAcc': 0.5771461553622209, 'IoU': 0.19236148557819052, 'classIoU': [0.021569916647224754, 0.004987531172069825, 0.0777262180974478, 0.0002722570106180234, 0.25573192239858905, 0.5627457066004552, 0.00012360430142968975, 0.6221648027142498, 0.064882400648824, 0.5057719817691873, 0.0], 'confusionMatrix': [[1017, 0, 1, 30, 27, 0, 0, 0, 0, 0, 0], [19, 6, 1127, 15, 0, 0, 0, 0, 0, 0, 0], [93, 1, 268, 23, 0, 0, 0, 0, 0, 0, 0], [88, 0, 1, 3, 0, 0, 0, 0, 0, 0, 0], [348, 0, 0, 21, 870, 0, 0, 0, 101, 0, 0], [5143, 10, 212, 260, 1697, 10879, 0, 50, 949, 62, 0], [22305, 7, 1195, 209, 304, 14, 3, 35, 197, 1, 0], [12620, 0, 498, 10360, 0, 9, 0, 79219, 1401, 21458, 0], [36, 0, 0, 0, 5, 7, 0, 1, 320, 0, 0], [5011, 18, 29, 9, 15, 7, 1, 1677, 1393, 30406, 0], [411, 0, 0, 0, 14, 33, 0, 0, 522, 31, 0]]}
root - INFO - Model for epoch 5 saved to C:\Users\HP\Downloads\Marine-Debris-Detection-main\Marine-Debris-Detection-main\semantic_segmentation\unet\trained_models\5
root - INFO - Class-Specific IoU: [0.021569916647224754, 0.004987531172069825, 0.0777262180974478, 0.0002722570106180234, 0.25573192239858905, 0.5627457066004552, 0.00012360430142968975, 0.6221648027142498, 0.064882400648824, 0.5057719817691873, 0.0]
root - INFO - Confusion Matrix:
[[ 1017     0     1    30    27     0     0     0     0     0     0]
 [   19     6  1127    15     0     0     0     0     0     0     0]
 [   93     1   268    23     0     0     0     0     0     0     0]
 [   88     0     1     3     0     0     0     0     0     0     0]
 [  348     0     0    21   870     0     0     0   101     0     0]
 [ 5143    10   212   260  1697 10879     0    50   949    62     0]
 [22305     7  1195   209   304    14     3    35   197     1     0]
 [12620     0   498 10360     0     9     0 79219  1401 21458     0]
 [   36     0     0     0     5     7     0     1   320     0     0]
 [ 5011    18    29     9    15     7     1  1677  1393 30406     0]
 [  411     0     0     0    14    33     0     0   522    31     0]]
root - INFO - Training loss was: 2.3232062482301084
root - INFO - 

root - INFO - Test loss was: 2.105483859048832
root - INFO - STATISTICS AFTER EPOCH 6: 

root - INFO - Evaluation: {'macroPrec': 0.355038206451477, 'microPrec': 0.6754605775637957, 'weightPrec': 0.8077751767134371, 'macroRec': 0.512569793522447, 'microRec': 0.6754605775637957, 'weightRec': 0.6754605775637957, 'macroF1': 0.3117258413112501, 'microF1': 0.6754605775637957, 'weightF1': 0.7193386274686591, 'subsetAcc': 0.6754605775637957, 'IoU': 0.24519821840296496, 'classIoU': [0.03478321973157192, 0.005084745762711864, 0.1609014675052411, 0.0007688364941055869, 0.37633615923332103, 0.7718962897613096, 0.0005326559042858314, 0.7603146700758346, 0.046139359698681735, 0.5404229982655517, 0.0], 'confusionMatrix': [[990, 0, 0, 63, 22, 0, 0, 0, 0, 0, 0], [1, 6, 1153, 7, 0, 0, 0, 0, 0, 0, 0], [63, 0, 307, 15, 0, 0, 0, 0, 0, 0, 0], [76, 0, 1, 15, 0, 0, 0, 0, 0, 0, 0], [250, 0, 4, 33, 1021, 20, 6, 0, 6, 0, 0], [1914, 2, 54, 65, 635, 15749, 8, 26, 749, 60, 0], [21514, 9, 274, 93, 589, 1098, 13, 16, 664, 0, 0], [920, 0, 3, 19139, 0, 0, 122, 104671, 710, 0, 0], [40, 0, 0, 3, 26, 3, 0, 3, 294, 0, 0], [2302, 2, 34, 0, 37, 2, 0, 12034, 3279, 20876, 0], [307, 0, 0, 0, 64, 18, 0, 24, 595, 3, 0]]}
root - INFO - New best marine debris model saved with IoU: 0.03478321973157192
root - INFO - Model for epoch 6 saved to C:\Users\HP\Downloads\Marine-Debris-Detection-main\Marine-Debris-Detection-main\semantic_segmentation\unet\trained_models\6
root - INFO - Class-Specific IoU: [0.03478321973157192, 0.005084745762711864, 0.1609014675052411, 0.0007688364941055869, 0.37633615923332103, 0.7718962897613096, 0.0005326559042858314, 0.7603146700758346, 0.046139359698681735, 0.5404229982655517, 0.0]
root - INFO - Confusion Matrix:
[[   990      0      0     63     22      0      0      0      0      0
       0]
 [     1      6   1153      7      0      0      0      0      0      0
       0]
 [    63      0    307     15      0      0      0      0      0      0
       0]
 [    76      0      1     15      0      0      0      0      0      0
       0]
 [   250      0      4     33   1021     20      6      0      6      0
       0]
 [  1914      2     54     65    635  15749      8     26    749     60
       0]
 [ 21514      9    274     93    589   1098     13     16    664      0
       0]
 [   920      0      3  19139      0      0    122 104671    710      0
       0]
 [    40      0      0      3     26      3      0      3    294      0
       0]
 [  2302      2     34      0     37      2      0  12034   3279  20876
       0]
 [   307      0      0      0     64     18      0     24    595      3
       0]]
root - INFO - Training loss was: 2.272146878961744
root - INFO - 

root - INFO - Test loss was: 2.1722160067478047
root - INFO - STATISTICS AFTER EPOCH 7: 

root - INFO - Evaluation: {'macroPrec': 0.3327129730310998, 'microPrec': 0.7719683531829828, 'weightPrec': 0.8404710942764725, 'macroRec': 0.4665528530242819, 'microRec': 0.7719683531829828, 'weightRec': 0.7719683531829828, 'macroF1': 0.30675361999313516, 'microF1': 0.7719683531829827, 'weightF1': 0.7912313172055868, 'subsetAcc': 0.7719683531829828, 'IoU': 0.25405916851392846, 'classIoU': [0.029751043760630896, 0.0, 0.06572964034725093, 0.0, 0.3159722222222222, 0.7214567433283819, 0.0005740292754930501, 0.9162229724116576, 0.051854040478652684, 0.6930901618289237, 0.0], 'confusionMatrix': [[962, 0, 0, 0, 34, 0, 0, 21, 58, 0, 0], [16, 0, 1145, 6, 0, 0, 0, 0, 0, 0, 0], [220, 0, 159, 6, 0, 0, 0, 0, 0, 0, 0], [91, 0, 0, 0, 0, 0, 0, 1, 0, 0, 0], [194, 0, 0, 0, 637, 7, 0, 1, 501, 0, 0], [3049, 0, 48, 1, 531, 14085, 12, 174, 1159, 203, 0], [21733, 6, 215, 0, 105, 248, 14, 568, 1285, 96, 0], [322, 414, 626, 201, 0, 0, 107, 121318, 2523, 54, 0], [18, 0, 0, 0, 0, 0, 0, 0, 351, 0, 0], [5169, 0, 0, 0, 6, 0, 0, 6081, 328, 26982, 0], [448, 0, 0, 0, 0, 6, 0, 0, 546, 11, 0]]}
root - INFO - Model for epoch 7 saved to C:\Users\HP\Downloads\Marine-Debris-Detection-main\Marine-Debris-Detection-main\semantic_segmentation\unet\trained_models\7
root - INFO - Class-Specific IoU: [0.029751043760630896, 0.0, 0.06572964034725093, 0.0, 0.3159722222222222, 0.7214567433283819, 0.0005740292754930501, 0.9162229724116576, 0.051854040478652684, 0.6930901618289237, 0.0]
root - INFO - Confusion Matrix:
[[   962      0      0      0     34      0      0     21     58      0
       0]
 [    16      0   1145      6      0      0      0      0      0      0
       0]
 [   220      0    159      6      0      0      0      0      0      0
       0]
 [    91      0      0      0      0      0      0      1      0      0
       0]
 [   194      0      0      0    637      7      0      1    501      0
       0]
 [  3049      0     48      1    531  14085     12    174   1159    203
       0]
 [ 21733      6    215      0    105    248     14    568   1285     96
       0]
 [   322    414    626    201      0      0    107 121318   2523     54
       0]
 [    18      0      0      0      0      0      0      0    351      0
       0]
 [  5169      0      0      0      6      0      0   6081    328  26982
       0]
 [   448      0      0      0      0      6      0      0    546     11
       0]]
root - INFO - Training loss was: 2.2095838538761243
root - INFO - 

root - INFO - Test loss was: 1.9162945235457227
root - INFO - STATISTICS AFTER EPOCH 8: 

root - INFO - Evaluation: {'macroPrec': 0.4662686546798857, 'microPrec': 0.7172621561505758, 'weightPrec': 0.7965817662301633, 'macroRec': 0.5260343797027858, 'microRec': 0.7172621561505758, 'weightRec': 0.7172621561505758, 'macroF1': 0.3717311475812272, 'microF1': 0.7172621561505758, 'weightF1': 0.6936279503165709, 'subsetAcc': 0.7172621561505758, 'IoU': 0.2933123145544691, 'classIoU': [0.034177298869570966, 0.6578272027373824, 0.19610570236439498, 0.0, 0.38337628865979384, 0.7963950241177964, 0.0024574049803407602, 0.8264640356460853, 0.08709921736935117, 0.24253328535444404, 0.0], 'confusionMatrix': [[1034, 0, 1, 4, 12, 0, 0, 21, 3, 0, 0], [14, 769, 383, 1, 0, 0, 0, 0, 0, 0, 0], [98, 1, 282, 4, 0, 0, 0, 0, 0, 0, 0], [88, 0, 0, 0, 0, 0, 0, 1, 3, 0, 0], [398, 0, 0, 12, 595, 8, 2, 3, 322, 0, 0], [2672, 0, 157, 14, 125, 15685, 34, 176, 307, 92, 0], [21590, 1, 510, 9, 72, 415, 60, 477, 969, 167, 0], [777, 0, 0, 0, 0, 2, 109, 124644, 30, 3, 0], [18, 0, 0, 0, 1, 0, 0, 5, 345, 0, 0], [3195, 0, 2, 0, 2, 1, 1, 24551, 1378, 9436, 0], [329, 0, 0, 0, 0, 7, 0, 17, 580, 78, 0]]}
root - INFO - New best overall model saved with IoU: 0.2933123145544691
root - INFO - Model for epoch 8 saved to C:\Users\HP\Downloads\Marine-Debris-Detection-main\Marine-Debris-Detection-main\semantic_segmentation\unet\trained_models\8
root - INFO - Class-Specific IoU: [0.034177298869570966, 0.6578272027373824, 0.19610570236439498, 0.0, 0.38337628865979384, 0.7963950241177964, 0.0024574049803407602, 0.8264640356460853, 0.08709921736935117, 0.24253328535444404, 0.0]
root - INFO - Confusion Matrix:
[[  1034      0      1      4     12      0      0     21      3      0
       0]
 [    14    769    383      1      0      0      0      0      0      0
       0]
 [    98      1    282      4      0      0      0      0      0      0
       0]
 [    88      0      0      0      0      0      0      1      3      0
       0]
 [   398      0      0     12    595      8      2      3    322      0
       0]
 [  2672      0    157     14    125  15685     34    176    307     92
       0]
 [ 21590      1    510      9     72    415     60    477    969    167
       0]
 [   777      0      0      0      0      2    109 124644     30      3
       0]
 [    18      0      0      0      1      0      0      5    345      0
       0]
 [  3195      0      2      0      2      1      1  24551   1378   9436
       0]
 [   329      0      0      0      0      7      0     17    580     78
       0]]
root - INFO - Training loss was: 2.0866952932524727
root - INFO - 

root - INFO - Test loss was: 1.6815618537623365
root - INFO - STATISTICS AFTER EPOCH 9: 

root - INFO - Evaluation: {'macroPrec': 0.4641807368941249, 'microPrec': 0.7933947123912493, 'weightPrec': 0.87915023241013, 'macroRec': 0.5427523309156402, 'microRec': 0.7933947123912493, 'weightRec': 0.7933947123912493, 'macroF1': 0.3753576329404724, 'microF1': 0.7933947123912491, 'weightF1': 0.7965538286034496, 'subsetAcc': 0.7933947123912493, 'IoU': 0.299344035807793, 'classIoU': [0.03723123482422493, 0.29180887372013653, 0.1644657863145258, 0.0045871559633027525, 0.34200157604412923, 0.7816392125351547, 0.006998444790046656, 0.9250291672204747, 0.08934124964659315, 0.6496816928271347, 0.0], 'confusionMatrix': [[1058, 0, 1, 7, 9, 0, 0, 0, 0, 0, 0], [10, 342, 814, 1, 0, 0, 0, 0, 0, 0, 0], [104, 0, 274, 7, 0, 0, 0, 0, 0, 0, 0], [91, 0, 0, 1, 0, 0, 0, 0, 0, 0, 0], [414, 0, 0, 6, 868, 12, 2, 3, 35, 0, 0], [2244, 0, 75, 42, 648, 15564, 160, 51, 393, 85, 0], [22082, 5, 391, 19, 515, 634, 171, 20, 387, 46, 0], [231, 0, 0, 44, 0, 0, 0, 125273, 17, 0, 0], [44, 0, 0, 0, 0, 0, 0, 9, 316, 0, 0], [1810, 0, 0, 0, 26, 0, 2, 9746, 1775, 25207, 0], [312, 0, 0, 0, 0, 4, 0, 32, 561, 102, 0]]}
root - INFO - New best marine debris model saved with IoU: 0.03723123482422493
root - INFO - New best overall model saved with IoU: 0.299344035807793
root - INFO - Model for epoch 9 saved to C:\Users\HP\Downloads\Marine-Debris-Detection-main\Marine-Debris-Detection-main\semantic_segmentation\unet\trained_models\9
root - INFO - Class-Specific IoU: [0.03723123482422493, 0.29180887372013653, 0.1644657863145258, 0.0045871559633027525, 0.34200157604412923, 0.7816392125351547, 0.006998444790046656, 0.9250291672204747, 0.08934124964659315, 0.6496816928271347, 0.0]
root - INFO - Confusion Matrix:
[[  1058      0      1      7      9      0      0      0      0      0
       0]
 [    10    342    814      1      0      0      0      0      0      0
       0]
 [   104      0    274      7      0      0      0      0      0      0
       0]
 [    91      0      0      1      0      0      0      0      0      0
       0]
 [   414      0      0      6    868     12      2      3     35      0
       0]
 [  2244      0     75     42    648  15564    160     51    393     85
       0]
 [ 22082      5    391     19    515    634    171     20    387     46
       0]
 [   231      0      0     44      0      0      0 125273     17      0
       0]
 [    44      0      0      0      0      0      0      9    316      0
       0]
 [  1810      0      0      0     26      0      2   9746   1775  25207
       0]
 [   312      0      0      0      0      4      0     32    561    102
       0]]
